timestamp,rank,symbol,price,volume_ratio,atr,time_str
2026-08-27 07:27:14,512,BTRUSDT,0.169960,11.932,1.755,07:27:14
2026-08-27 07:28:17,512,BTRUSDT,0.167820,2.637,1.871,07:28:17
2026-08-27 07:31:10,512,BTRUSDT,0.172220,2.676,1.907,07:31:10
2026-08-27 10:06:06,173,RUNEUSDT,0.596700,2.687,0.964,10:06:06
2026-08-27 10:46:30,664,TACUSDT,0.007218,4.215,2.789,10:46:30
2026-08-27 11:53:13,314,BEAMUSDT,0.002102,3.210,2.627,11:53:13
2026-08-28 17:20:05,244,CYSUSDT,0.633900,2.535,1.489,17:20:05
2026-08-28 17:22:06,244,CYSUSDT,0.630000,2.524,1.453,17:22:06
2026-08-29 10:57:00,410,HNTUSDT,0.301800,3.256,1.038,10:57:00
2026-08-29 11:04:00,410,HNTUSDT,0.305300,2.577,1.079,11:04:00
2026-08-29 12:52:00,995,4USDT,0.014423,2.641,0.949,12:52:00
2026-08-29 12:55:01,995,4USDT,0.014547,2.560,0.949,12:55:01
2026-08-29 13:02:00,995,4USDT,0.014743,3.793,1.085,13:02:00
2026-08-29 13:03:00,995,4USDT,0.015048,4.027,1.223,13:03:00
2026-08-29 13:14:00,347,HNTUSDT,0.378100,2.716,2.152,13:14:00
2026-08-29 13:15:00,1047,TACUSDT,0.002825,3.029,1.476,13:15:00
2026-08-29 14:19:00,1047,TACUSDT,0.002842,3.331,1.061,14:19:00
2026-08-29 14:28:00,1047,TACUSDT,0.002893,5.695,1.142,14:28:00
2026-08-29 14:31:00,1047,TACUSDT,0.002923,4.201,1.152,14:31:00
2026-08-29 14:56:01,488,BTRUSDT,0.188430,2.930,1.566,14:56:01
2026-08-29 15:24:00,995,4USDT,0.017100,3.646,1.191,15:24:00
2026-08-29 15:55:00,1047,TACUSDT,0.002974,4.868,0.990,15:55:00
2026-08-29 16:01:00,1047,TACUSDT,0.002959,2.930,0.957,16:01:00
2026-08-29 16:04:01,995,4USDT,0.019528,7.782,1.585,16:04:01
2026-08-29 16:18:00,347,HNTUSDT,0.396700,2.852,1.746,16:18:00
2026-08-29 16:23:01,488,BTRUSDT,0.216830,2.799,1.697,16:23:01
2026-08-29 16:33:01,995,4USDT,0.020557,2.758,1.686,16:33:01
2026-08-29 16:58:00,711,NILUSDT,0.058730,10.198,1.089,16:58:00
2026-08-29 17:07:00,1244,ZKPUSDT,0.048760,2.890,0.904,17:07:00
2026-08-29 17:12:00,711,NILUSDT,0.061260,3.282,1.192,17:12:00
2026-08-29 18:03:00,1244,ZKPUSDT,0.051380,7.581,1.071,18:03:00
2026-08-29 18:04:00,1244,ZKPUSDT,0.053350,13.733,1.262,18:04:00
2026-08-29 18:05:00,180,CASHCATUSDT,0.209490,10.515,1.116,18:05:00
2026-08-29 18:05:00,1244,ZKPUSDT,0.053040,2.914,1.298,18:05:00
2026-08-29 18:47:00,915,BROCCOLIUSDT,0.020772,3.922,1.325,18:47:00
2026-08-29 19:09:00,871,OPGUSDT,0.104140,9.032,1.287,19:09:00
2026-08-29 19:36:00,916,AGIUSDT,0.007010,4.591,1.020,19:36:00
2026-08-29 20:36:00,627,BANDUSDT,0.209500,4.936,1.757,20:36:00
2026-08-29 20:37:00,627,BANDUSDT,0.203000,5.027,2.024,20:37:00
2026-08-29 20:42:00,878,TMXUSDT,0.132800,3.417,0.910,20:42:00
2026-08-30 03:53:00,1204,ZKPUSDT,0.053710,9.077,1.101,03:53:00
2026-08-30 04:08:00,334,HNTUSDT,0.426100,4.333,1.273,04:08:00
2026-08-30 04:09:00,334,HNTUSDT,0.433100,7.190,1.393,04:09:00
2026-08-30 05:05:00,334,HNTUSDT,0.448700,11.145,1.521,05:05:00
2026-08-30 06:31:00,334,HNTUSDT,0.485200,11.093,1.605,06:31:00
2026-08-30 06:50:00,334,HNTUSDT,0.498600,4.722,1.828,06:50:00
2026-08-30 07:46:00,334,HNTUSDT,0.544300,6.900,1.701,07:46:00
2026-08-30 07:47:00,334,HNTUSDT,0.548500,3.023,1.742,07:47:00
2026-08-30 07:59:00,334,HNTUSDT,0.619300,3.009,3.389,07:59:00
2026-08-30 08:01:00,906,4USDT,0.021482,2.680,1.278,08:01:00
2026-08-30 08:29:00,329,SKRUSDT,0.012889,2.677,1.125,08:29:00
2026-08-30 08:36:00,329,SKRUSDT,0.013340,3.067,1.553,08:36:00
2026-08-30 09:18:00,1030,ZKCUSDT,0.046540,6.734,0.957,09:18:00
2026-08-30 09:21:00,1030,ZKCUSDT,0.046350,2.935,1.094,09:21:00
2026-08-30 09:28:00,1030,ZKCUSDT,0.047500,5.038,1.141,09:28:00
2026-08-30 09:29:00,1030,ZKCUSDT,0.047020,2.948,1.148,09:29:00
2026-08-30 09:43:00,1030,ZKCUSDT,0.048580,4.051,1.274,09:43:00
2026-08-30 10:01:00,233,HNTUSDT,0.657000,4.361,1.726,10:01:00
2026-08-30 10:29:00,233,HNTUSDT,0.656200,2.580,1.153,10:29:00
2026-08-30 10:35:00,1030,ZKCUSDT,0.051000,3.325,1.240,10:35:00
2026-08-30 10:36:00,1030,ZKCUSDT,0.051370,4.712,1.256,10:36:00
2026-08-30 10:37:00,1030,ZKCUSDT,0.051220,2.551,1.348,10:37:00
2026-08-30 17:18:00,252,SKRUSDT,0.016352,3.612,0.944,17:18:00
2026-08-30 17:52:59,223,HNTUSDT,0.787900,2.562,1.436,17:52:59
2026-08-30 18:22:59,223,HNTUSDT,0.894500,4.480,2.436,18:22:59
2026-08-30 18:50:59,944,SCRTUSDT,0.012870,7.940,1.991,18:50:59
2026-08-30 18:51:59,944,SCRTUSDT,0.013110,3.221,2.126,18:51:59
2026-08-30 19:01:00,1145,ERAUSDT,0.066280,3.133,1.381,19:01:00
2026-08-30 19:34:00,252,SKRUSDT,0.017361,3.408,1.374,19:34:00
2026-08-30 20:23:00,504,BTRUSDT,0.155700,4.626,0.923,20:23:00
2026-08-30 21:01:00,630,TNSRUSDT,0.045170,10.006,1.208,21:01:00
2026-08-30 22:17:59,690,AUCTIONUSDT,4.270000,6.372,1.122,22:17:59
2026-08-30 22:32:59,223,HNTUSDT,0.930700,4.411,1.401,22:32:59
2026-08-30 22:34:59,223,HNTUSDT,0.948800,2.610,1.493,22:34:59
2026-08-30 23:45:00,252,SKRUSDT,0.023623,6.071,1.637,23:45:00
2026-08-30 23:49:00,275,MAGMAUSDT,0.365700,3.232,1.163,23:49:00
2026-08-30 23:55:59,637,ZORAUSDT,0.008042,4.977,1.310,23:55:59
2026-08-30 23:56:59,637,ZORAUSDT,0.007848,2.624,1.435,23:56:59
2026-08-31 01:04:00,275,MAGMAUSDT,0.359200,2.772,1.158,01:04:00
2026-08-31 01:53:00,252,SKRUSDT,0.025098,7.358,1.351,01:53:00
2026-08-31 03:30:00,964,4USDT,0.013915,5.338,1.078,03:30:00
2026-08-31 04:02:00,183,SKRUSDT,0.025233,2.619,1.962,04:02:00
2026-08-31 04:36:00,183,SKRUSDT,0.027025,2.750,2.182,04:36:00
2026-08-31 04:37:59,583,ZORAUSDT,0.008242,3.200,1.185,04:37:59
2026-08-31 04:39:00,183,SKRUSDT,0.028040,2.929,2.301,04:39:00
2026-08-31 04:40:59,167,CASHCATUSDT,0.196000,15.413,0.907,04:40:59
2026-08-31 04:57:59,958,AGIUSDT,0.005557,6.922,0.919,04:57:59
2026-08-31 05:02:59,167,CASHCATUSDT,0.184960,15.966,1.412,05:02:59
2026-08-31 05:03:59,167,CASHCATUSDT,0.188050,6.556,1.514,05:03:59
2026-08-31 05:24:59,583,ZORAUSDT,0.008985,7.481,1.288,05:24:59
2026-08-31 05:27:00,183,SKRUSDT,0.032965,2.613,2.555,05:27:00
2026-08-31 05:28:59,200,HNTUSDT,0.722400,5.203,1.311,05:28:59
2026-08-31 05:32:00,183,SKRUSDT,0.034061,2.877,2.533,05:32:00
2026-08-31 06:04:00,442,AXLUSDT,0.046420,4.905,1.010,06:04:00
2026-08-31 06:19:00,442,AXLUSDT,0.048060,2.723,1.930,06:19:00
2026-08-31 06:37:02,583,ZORAUSDT,0.010015,2.996,1.560,06:37:02
2026-08-31 06:54:59,200,HNTUSDT,0.690000,4.171,1.131,06:54:59
2026-08-31 06:55:59,200,HNTUSDT,0.693000,2.536,1.135,06:55:59
2026-08-31 09:34:00,509,BTRUSDT,0.130710,3.277,1.741,09:34:00
2026-08-31 09:41:59,859,FLOCKUSDT,0.044000,9.306,1.240,09:41:59
2026-08-31 09:42:59,859,FLOCKUSDT,0.044060,5.950,1.350,09:42:59
2026-08-31 09:43:59,859,FLOCKUSDT,0.044000,3.070,1.470,09:43:59
2026-08-31 09:45:59,859,FLOCKUSDT,0.044040,4.605,1.586,09:45:59
2026-08-31 21:37:00,303,USELESSUSDT,0.090650,2.631,1.089,21:37:00
2026-08-31 21:39:00,303,USELESSUSDT,0.089670,3.009,1.096,21:39:00
2026-08-31 21:51:59,976,HEMIUSDT,0.017377,4.924,1.041,21:51:59
2026-08-31 22:08:00,303,USELESSUSDT,0.091880,4.103,1.003,22:08:00
2026-08-31 22:12:00,303,USELESSUSDT,0.092980,2.874,1.175,22:12:00
2026-09-01 08:23:00,134,PONSUSDT,0.477800,4.282,0.956,08:23:00
2026-09-01 08:28:00,502,BTRUSDT,0.195270,6.141,1.674,08:28:00
2026-09-01 08:29:00,502,BTRUSDT,0.195490,4.025,1.774,08:29:00
2026-09-01 09:14:00,134,PONSUSDT,0.487800,10.316,1.054,09:14:00
2026-09-01 09:15:00,134,PONSUSDT,0.485400,5.320,1.182,09:15:00
2026-09-01 10:33:00,1165,AIOUSDT,0.049370,2.720,0.970,10:33:00
2026-09-01 12:25:59,1246,TRIAUSDT,0.003863,3.194,1.012,12:25:59
2026-09-01 13:15:59,893,TMXUSDT,0.101800,384.072,1.189,13:15:59
2026-09-01 13:16:59,893,TMXUSDT,0.108200,8.705,1.579,13:16:59
2026-09-01 14:01:00,436,ONGUSDT,0.125420,4.099,1.496,14:01:00
2026-09-01 15:15:00,171,SKRUSDT,0.024543,2.584,1.213,15:15:00
2026-09-01 16:51:00,142,FFUSDT,0.098500,2.856,1.661,16:51:00
2026-09-01 16:52:00,142,FFUSDT,0.097580,2.898,1.713,16:52:00
2026-09-01 17:01:00,142,FFUSDT,0.098560,2.857,1.831,17:01:00
2026-09-01 21:29:59,366,MARSCOINUSDT,0.062850,5.434,1.090,21:29:59
2026-09-01 22:02:00,240,HNTUSDT,0.553000,17.965,1.173,22:02:00
2026-09-01 22:03:00,240,HNTUSDT,0.550900,12.143,1.392,22:03:00
2026-09-01 23:15:00,337,MAGMAUSDT,0.439700,2.512,0.904,23:15:00
2026-09-02 00:01:00,245,UAIUSDT,0.575600,3.227,1.682,00:01:00
2026-09-02 03:18:00,245,UAIUSDT,0.566000,6.164,0.948,03:18:00
2026-09-02 06:16:59,172,CASHCATUSDT,0.267360,2.739,1.471,06:16:59
2026-09-02 10:10:00,752,BTRUSDT,0.060920,2.669,2.774,10:10:00
2026-09-02 10:25:59,142,CASHCATUSDT,0.288710,2.531,0.928,10:25:59
2026-09-02 14:48:59,374,MARSCOINUSDT,0.061250,5.308,1.108,14:48:59
2026-09-02 15:22:59,374,MARSCOINUSDT,0.062080,3.211,0.974,15:22:59
2026-09-02 15:39:59,374,MARSCOINUSDT,0.060240,3.981,1.075,15:39:59
2026-09-02 16:32:59,142,CASHCATUSDT,0.255120,8.852,1.127,16:32:59
2026-09-02 19:03:02,247,USELESSUSDT,0.122750,6.552,0.905,19:03:02
2026-09-02 22:10:00,510,XVGUSDT,0.002853,7.451,0.962,22:10:00
2026-09-03 02:01:00,141,PONSUSDT,0.486600,6.011,1.033,02:01:00
2026-09-03 03:01:00,9999,GPROUSDT,1.923500,4.719,1.320,03:01:00
2026-09-03 06:19:59,202,EDGEUSDT,0.474900,12.426,1.114,06:19:59
2026-09-03 06:24:59,725,HIVEUSDT,0.050380,6.527,1.086,06:24:59
2026-09-03 07:45:59,117,AKEUSDT,0.013219,5.013,1.230,07:45:59
2026-09-03 07:53:00,992,HEMIUSDT,0.020600,4.210,1.782,07:53:00
2026-09-03 08:00:00,119,PONSUSDT,0.513000,4.626,0.940,08:00:00
2026-09-03 09:51:00,229,USELESSUSDT,0.151290,8.536,1.153,09:51:00
2026-09-03 09:52:01,229,USELESSUSDT,0.155080,6.788,1.334,09:52:01
2026-09-03 10:03:59,117,AKEUSDT,0.012844,5.120,1.164,10:03:59
2026-09-03 10:28:59,202,EDGEUSDT,0.529200,6.581,0.911,10:28:59
2026-09-03 11:31:59,1118,LRCUSDT,0.008570,8.738,0.996,11:31:59
2026-09-03 11:43:01,359,BRUSDT,0.294820,6.702,0.920,11:43:01
2026-09-03 12:11:00,243,CAPUSDT,0.055990,5.916,1.469,12:11:00
2026-09-03 12:12:00,243,CAPUSDT,0.055560,4.176,1.671,12:12:00
2026-09-03 12:13:00,243,CAPUSDT,0.054890,4.105,1.809,12:13:00
2026-09-03 12:58:00,287,CAPUSDT,0.047520,4.239,2.648,12:58:00
2026-09-03 14:25:59,295,BRUSDT,0.304010,49.097,1.046,14:25:59
2026-09-03 15:17:00,206,USELESSUSDT,0.160940,4.279,0.916,15:17:00
2026-09-03 16:15:00,295,BRUSDT,0.321260,5.090,1.081,16:15:00
2026-09-03 16:31:00,406,APRUSDT,0.250400,4.838,1.177,16:31:00
2026-09-03 16:40:59,553,CATIUSDT,0.063050,4.943,1.434,16:40:59
2026-09-03 16:47:59,1048,PORTALUSDT,0.015651,4.245,0.927,16:47:59
2026-09-03 18:14:08,965,AGIUSDT,0.005898,4.717,0.963,18:14:08
2026-09-03 18:15:59,965,AGIUSDT,0.006011,5.590,1.005,18:15:59
2026-09-03 18:27:59,259,MARSCOINUSDT,0.119940,8.563,2.029,18:27:59
2026-09-03 19:01:00,206,USELESSUSDT,0.186880,4.351,1.255,19:01:00
2026-09-03 19:18:03,406,APRUSDT,0.259400,7.582,0.910,19:18:03
2026-09-03 19:42:15,206,USELESSUSDT,0.200870,19.964,1.599,19:42:15
2026-09-03 19:59:59,944,HEMIUSDT,0.015769,5.242,1.085,19:59:59
2026-09-03 20:37:59,9999,LAOPUUSDT,41.800000,7.549,1.225,20:37:59
2026-09-03 22:06:00,406,APRUSDT,0.255300,5.589,1.086,22:06:00
2026-09-03 23:03:59,588,CATIUSDT,0.049420,6.046,0.903,23:03:59
2026-09-04 01:59:00,362,MAGMAUSDT,0.305800,4.126,1.729,01:59:00
2026-09-04 05:11:59,262,HNTUSDT,0.708300,4.587,1.052,05:11:59
2026-09-04 15:32:01,964,BLESSUSDT,0.007971,4.956,0.948,15:32:01
2026-09-04 17:25:01,428,AZTECUSDT,0.018270,2.967,0.945,17:25:01
2026-09-04 17:26:01,428,AZTECUSDT,0.018210,3.028,0.998,17:26:01
2026-09-04 19:00:05,290,UAIUSDT,0.440900,2.696,1.043,19:00:05
2026-09-04 19:01:02,290,UAIUSDT,0.441700,3.418,1.042,19:01:02
2026-09-04 19:02:01,290,UAIUSDT,0.442300,3.270,1.038,19:02:01
2026-09-04 19:20:01,569,ZORAUSDT,0.009399,2.817,1.542,19:20:01
2026-09-04 19:56:01,290,UAIUSDT,0.487400,10.324,1.406,19:56:01
2026-09-04 19:57:01,290,UAIUSDT,0.494200,2.636,1.438,19:57:01
2026-09-04 19:59:01,290,UAIUSDT,0.485900,3.022,1.531,19:59:01
2026-09-04 20:02:01,290,UAIUSDT,0.477600,3.805,1.747,20:02:01
2026-09-04 21:11:19,845,ZESTUSDT,0.121000,4.779,1.082,21:11:19
2026-09-04 21:12:38,845,ZESTUSDT,0.121500,2.849,1.154,21:12:38
2026-09-04 21:35:00,1148,ICXUSDT,0.011980,3.210,0.983,21:35:00
2026-09-04 21:40:03,290,UAIUSDT,0.489100,2.574,1.103,21:40:03
2026-09-04 21:41:00,1148,ICXUSDT,0.012110,5.588,1.309,21:41:00
2026-09-04 21:42:01,290,UAIUSDT,0.490600,3.811,1.114,21:42:01
2026-09-04 21:48:04,290,UAIUSDT,0.500200,3.285,1.099,21:48:04
2026-09-04 21:49:03,1148,ICXUSDT,0.012380,5.501,1.883,21:49:03
2026-09-04 22:07:02,937,4USDT,0.022944,7.788,1.306,22:07:02
2026-09-04 22:08:03,937,4USDT,0.022607,2.890,1.392,22:08:03
2026-09-04 23:15:00,1148,ICXUSDT,0.013230,6.793,1.406,23:15:00
2026-09-04 23:16:00,1148,ICXUSDT,0.013490,6.266,1.448,23:16:00
2026-09-04 23:46:04,937,4USDT,0.024416,2.681,1.480,23:46:04
2026-09-05 01:48:00,1148,ICXUSDT,0.013970,3.268,1.092,01:48:00
2026-09-05 05:31:00,164,CASHCATUSDT,0.217680,18.969,0.917,05:31:00
2026-09-05 05:46:00,950,ICXUSDT,0.015260,3.520,0.944,05:46:00
2026-09-05 05:49:00,950,ICXUSDT,0.015500,3.875,1.329,05:49:00
2026-09-05 05:53:00,1660,NOMUSDT,0.001949,3.170,1.585,05:53:00
2026-09-05 05:56:00,1660,NOMUSDT,0.001939,3.401,1.464,05:56:00
2026-09-05 08:34:01,483,XVGUSDT,0.003024,3.520,1.128,08:34:01
2026-09-05 08:35:01,483,XVGUSDT,0.003045,6.875,1.267,08:35:01
2026-09-05 08:41:01,483,XVGUSDT,0.003090,2.867,1.309,08:41:01
2026-09-05 08:42:01,483,XVGUSDT,0.003099,2.635,1.384,08:42:01
2026-09-05 09:12:00,224,BUSDT,0.188840,3.642,3.330,09:12:00
2026-09-05 09:13:00,224,BUSDT,0.196690,5.423,3.584,09:13:00
2026-09-05 09:26:01,982,NAORISUSDT,0.029290,3.224,1.249,09:26:01
2026-09-05 09:27:01,982,NAORISUSDT,0.029450,4.160,1.313,09:27:01
2026-09-05 09:29:01,982,NAORISUSDT,0.029690,2.527,1.388,09:29:01
2026-09-05 09:40:01,982,NAORISUSDT,0.031520,2.847,2.196,09:40:01
2026-09-05 09:45:01,982,NAORISUSDT,0.032550,3.466,2.524,09:45:01
2026-09-05 09:48:01,982,NAORISUSDT,0.030840,2.874,3.042,09:48:01
2026-09-05 09:59:01,503,CATIUSDT,0.049960,4.217,1.229,09:59:01
2026-09-05 10:37:01,550,CYSUSDT,0.229000,248.428,0.901,10:37:01
2026-09-05 10:44:01,725,4USDT,0.028434,4.960,0.983,10:44:01
2026-09-05 11:13:00,1174,DOODUSDT,0.001452,4.796,0.945,11:13:00
2026-09-05 12:39:01,112,PONSUSDT,0.877200,2.567,1.003,12:39:01
2026-09-05 12:40:01,985,1000CATUSDT,0.002272,7.141,0.934,12:40:01
2026-09-05 13:06:00,769,FLOCKUSDT,0.053690,4.976,0.924,13:06:00
2026-09-05 13:14:00,188,MARSCOINUSDT,0.237070,6.434,1.520,13:14:00
2026-09-05 13:15:00,188,MARSCOINUSDT,0.236250,3.062,1.609,13:15:00
2026-09-05 13:16:00,188,MARSCOINUSDT,0.239970,4.163,1.753,13:16:00
2026-09-05 15:34:00,161,MARSCOINUSDT,0.246950,3.186,1.238,15:34:00
2026-09-05 15:49:01,913,1000CATUSDT,0.002541,2.630,1.028,15:49:01
2026-09-05 15:54:01,913,1000CATUSDT,0.002529,2.952,1.273,15:54:01
2026-09-05 17:32:01,913,1000CATUSDT,0.002643,4.512,1.035,17:32:01
2026-09-05 17:33:01,913,1000CATUSDT,0.002624,3.033,1.052,17:33:01
2026-09-05 17:34:01,913,1000CATUSDT,0.002608,2.800,1.109,17:34:01
2026-09-05 17:35:01,913,1000CATUSDT,0.002631,3.162,1.207,17:35:01
2026-09-05 18:03:01,388,NMRUSDT,10.502000,5.663,1.182,18:03:01
2026-09-05 18:05:01,388,NMRUSDT,10.583000,2.608,1.179,18:05:01
2026-09-05 18:50:01,913,1000CATUSDT,0.002779,5.125,1.000,18:50:01
2026-09-05 19:00:01,913,1000CATUSDT,0.002898,2.976,1.446,19:00:01
2026-09-05 19:03:01,560,VELVETUSDT,0.097000,11.657,1.121,19:03:01
2026-09-05 19:04:01,560,VELVETUSDT,0.091400,10.521,1.673,19:04:01
2026-09-05 19:05:01,560,VELVETUSDT,0.090700,2.602,1.674,19:05:01
2026-09-05 19:17:00,161,MARSCOINUSDT,0.253060,2.811,1.185,19:17:00
2026-09-05 19:18:00,161,MARSCOINUSDT,0.253630,3.254,1.280,19:18:00
2026-09-05 19:19:00,161,MARSCOINUSDT,0.259330,4.733,1.535,19:19:00
2026-09-05 19:26:01,737,4USDT,0.029861,11.224,1.273,19:26:01
2026-09-05 19:59:01,644,MUBARAKUSDT,0.036855,3.453,1.165,19:59:01
2026-09-05 20:21:01,1035,HEMIUSDT,0.011344,3.296,1.163,20:21:01
2026-09-05 20:22:01,1035,HEMIUSDT,0.011546,2.824,1.251,20:22:01
2026-09-05 20:45:01,737,4USDT,0.032727,2.982,1.067,20:45:01
2026-09-05 20:48:00,161,MARSCOINUSDT,0.261660,3.402,1.204,20:48:00
2026-09-05 21:15:00,161,MARSCOINUSDT,0.263310,8.255,1.016,21:15:00
2026-09-05 21:16:00,161,MARSCOINUSDT,0.259990,2.864,1.096,21:16:00
2026-09-05 21:22:00,407,SUSHIUSDT,0.252500,2.983,1.288,21:22:00
2026-09-05 22:06:00,407,SUSHIUSDT,0.261800,3.824,1.085,22:06:00
2026-09-06 03:03:00,680,FLOCKUSDT,0.065960,3.539,1.035,03:03:00
2026-09-06 03:17:01,9999,ARBUSDT,0.185460,17.170,1.087,03:17:01
2026-09-06 03:52:01,9999,ARBUSDT,0.195300,3.739,0.973,03:52:01
2026-09-06 03:53:01,9999,ARBUSDT,0.193250,4.211,1.065,03:53:01
2026-09-06 04:50:01,9999,ARBUSDT,0.195950,2.556,1.071,04:50:01
2026-09-06 04:55:01,746,IOSTUSDT,0.000771,3.008,1.112,04:55:01
2026-09-06 04:57:01,746,IOSTUSDT,0.000781,2.526,1.322,04:57:01
2026-09-06 05:04:01,227,UAIUSDT,0.620400,2.515,1.049,05:04:01
2026-09-06 05:42:00,1329,PUFFERUSDT,0.016700,9.209,1.067,05:42:00
2026-09-06 05:55:01,623,4USDT,0.027732,4.567,1.490,05:55:01
2026-09-06 06:02:00,680,FLOCKUSDT,0.072100,2.528,0.970,06:02:00
2026-09-06 06:07:00,680,FLOCKUSDT,0.072190,4.242,1.043,06:07:00
2026-09-06 07:28:01,623,4USDT,0.023547,5.723,1.166,07:28:01
2026-09-06 07:35:01,746,IOSTUSDT,0.000786,7.043,0.924,07:35:01
2026-09-06 07:36:01,746,IOSTUSDT,0.000782,2.854,0.962,07:36:01
2026-09-06 07:37:01,746,IOSTUSDT,0.000782,3.454,0.976,07:37:01
2026-09-06 07:46:01,746,IOSTUSDT,0.000792,3.068,1.337,07:46:01
2026-09-06 08:12:01,146,USELESSUSDT,0.238340,5.788,0.951,08:12:01
2026-09-06 09:11:00,118,AKEUSDT,0.016525,7.624,0.983,09:11:00
2026-09-06 09:13:00,118,AKEUSDT,0.016267,3.026,1.126,09:13:00
2026-09-06 09:33:00,118,AKEUSDT,0.013329,2.590,3.288,09:33:00
2026-09-06 10:04:01,623,4USDT,0.024881,7.378,0.988,10:04:01
2026-09-06 10:22:00,162,MARSCOINUSDT,0.207080,12.609,0.983,10:22:00
2026-09-06 10:23:00,162,MARSCOINUSDT,0.207730,3.723,0.974,10:23:00
2026-09-06 12:39:01,162,USELESSUSDT,0.222090,3.747,0.982,12:39:01
2026-09-06 13:01:01,162,USELESSUSDT,0.212840,3.794,1.354,13:01:01
2026-09-06 13:26:00,175,MARSCOINUSDT,0.198920,18.144,1.185,13:26:00
2026-09-06 13:28:00,175,MARSCOINUSDT,0.198780,2.725,1.180,13:28:00
2026-09-06 13:32:01,885,NAORISUSDT,0.035370,3.288,0.966,13:32:01
2026-09-06 13:36:01,885,NAORISUSDT,0.035120,2.779,1.086,13:36:01
2026-09-06 14:08:00,469,COTIUSDT,0.019060,2.731,1.056,14:08:00
2026-09-06 14:58:00,615,FLOCKUSDT,0.080480,3.023,0.904,14:58:00
2026-09-06 15:34:01,885,NAORISUSDT,0.036420,2.886,1.066,15:34:01
2026-09-06 15:36:01,885,NAORISUSDT,0.036330,4.904,1.123,15:36:01
2026-09-06 15:44:00,318,ORCAUSDT,1.474800,4.309,1.169,15:44:00
2026-09-06 15:47:00,1117,DOODUSDT,0.001687,15.887,0.926,15:47:00
2026-09-06 15:55:00,175,MARSCOINUSDT,0.192470,6.773,0.924,15:55:00
2026-09-06 15:56:00,175,MARSCOINUSDT,0.190720,2.771,1.001,15:56:00
2026-09-06 16:01:01,885,NAORISUSDT,0.036730,2.625,0.959,16:01:01
2026-09-06 16:12:01,885,NAORISUSDT,0.038530,5.144,1.223,16:12:01
2026-09-06 16:15:01,885,NAORISUSDT,0.038140,2.987,1.363,16:15:01
2026-09-06 16:24:00,175,MARSCOINUSDT,0.188960,4.953,0.941,16:24:00
2026-09-06 17:18:00,469,COTIUSDT,0.018947,3.481,0.939,17:18:00
2026-09-06 17:18:00,175,MARSCOINUSDT,0.182420,2.615,0.954,17:18:00
2026-09-06 17:20:00,469,COTIUSDT,0.018909,2.667,0.965,17:20:00
2026-09-06 18:32:00,175,MARSCOINUSDT,0.178840,7.125,0.917,18:32:00
2026-09-06 19:50:01,885,NAORISUSDT,0.038820,2.976,1.067,19:50:01
2026-09-06 19:58:00,175,MARSCOINUSDT,0.181560,3.121,0.915,19:58:00
2026-09-06 23:30:01,701,METISUSDT,3.519000,2.677,0.905,23:30:01
2026-09-06 23:49:01,840,FIDAUSDT,0.022770,3.845,1.072,23:49:01
2026-09-06 23:50:01,840,FIDAUSDT,0.023150,3.992,1.244,23:50:01
2026-09-07 00:32:01,9999,LAOPUUSDT,46.810000,7.518,0.928,00:32:01
2026-09-07 03:02:01,776,YGGUSDT,0.025520,14.208,0.951,03:02:01
2026-09-07 03:03:01,776,YGGUSDT,0.025300,2.777,0.988,03:03:01
2026-09-07 03:04:01,776,YGGUSDT,0.025310,2.689,1.016,03:04:01
2026-09-07 03:08:01,776,YGGUSDT,0.025560,2.824,1.003,03:08:01
2026-09-07 03:10:01,776,YGGUSDT,0.025830,5.335,1.172,03:10:01
2026-09-07 04:05:01,701,METISUSDT,3.792000,4.344,1.225,04:05:01
2026-09-07 07:11:00,1010,DOODUSDT,0.001985,2.503,0.942,07:11:00
2026-09-07 07:29:00,1010,DOODUSDT,0.002026,4.366,1.219,07:29:00
2026-09-07 07:29:01,1148,HEMIUSDT,0.009588,4.642,1.341,07:29:01
2026-09-07 07:33:00,1010,DOODUSDT,0.002096,4.026,1.290,07:33:00
2026-09-07 08:02:00,936,DOODUSDT,0.002205,3.351,1.430,08:02:00
2026-09-07 08:35:01,891,SOPHUSDT,0.004769,7.424,1.074,08:35:01
2026-09-07 08:41:01,1290,HEMIUSDT,0.008191,3.250,2.075,08:41:01
2026-09-07 08:52:00,936,DOODUSDT,0.002332,2.518,1.332,08:52:00
2026-09-07 09:02:01,689,IOSTUSDT,0.000817,6.069,0.971,09:02:01
2026-09-07 09:03:01,689,IOSTUSDT,0.000816,3.000,1.016,09:03:01
2026-09-07 09:31:01,689,IOSTUSDT,0.000854,2.898,1.114,09:31:01
2026-09-07 09:38:01,689,IOSTUSDT,0.000883,2.697,1.388,09:38:01
2026-09-07 09:39:01,689,IOSTUSDT,0.000898,3.002,1.456,09:39:01
2026-09-07 09:41:01,689,IOSTUSDT,0.000879,2.762,1.770,09:41:01
2026-09-07 11:53:01,689,IOSTUSDT,0.000902,3.211,0.996,11:53:01
2026-09-07 12:02:01,378,CAPUSDT,0.049470,6.659,0.948,12:02:01
2026-09-07 12:03:01,378,CAPUSDT,0.049010,3.000,1.003,12:03:01
2026-09-07 12:09:01,378,CAPUSDT,0.049390,3.051,0.990,12:09:01
2026-09-07 13:18:00,131,AKEUSDT,0.016743,2.915,1.156,13:18:00
2026-09-07 13:38:01,806,4USDT,0.026638,25.734,1.048,13:38:01
2026-09-07 14:22:01,172,USELESSUSDT,0.242180,4.479,0.912,14:22:01
2026-09-07 14:23:01,699,REZUSDT,0.003345,4.425,1.041,14:23:01
2026-09-07 14:23:01,172,USELESSUSDT,0.242250,3.475,0.986,14:23:01
2026-09-07 14:28:00,936,DOODUSDT,0.002372,3.076,1.034,14:28:00
2026-09-07 14:31:01,172,USELESSUSDT,0.238950,5.635,1.321,14:31:01
2026-09-07 14:47:01,373,PEAQUSDT,0.030126,23.444,1.003,14:47:01
2026-09-07 14:49:01,373,PEAQUSDT,0.029653,3.865,1.239,14:49:01
2026-09-07 15:09:01,1006,BLUAIUSDT,0.009689,5.247,1.181,15:09:01
2026-09-07 15:32:01,891,SOPHUSDT,0.005425,3.975,0.912,15:32:01
2026-09-07 16:35:01,440,XANUSDT,0.019053,14.634,0.932,16:35:01
2026-09-07 17:26:01,682,CPUSDT,0.018970,3.877,1.201,17:26:01
2026-09-07 17:28:01,682,CPUSDT,0.019030,2.652,1.232,17:28:01
2026-09-07 18:09:01,9999,HAJIMIUSDT,0.048070,8.643,1.192,18:09:01
2026-09-07 18:11:01,9999,HAJIMIUSDT,0.048140,6.025,1.495,18:11:01
2026-09-07 18:11:01,101,PONSUSDT,0.745600,3.177,0.944,18:11:01
2026-09-07 18:27:00,173,CASHCATUSDT,0.198830,19.435,1.000,18:27:00
2026-09-07 18:28:00,173,CASHCATUSDT,0.197070,5.100,1.166,18:28:00
2026-09-07 18:33:00,1346,TMXUSDT,0.052800,5.549,1.325,18:33:00
2026-09-07 18:34:00,1346,TMXUSDT,0.053200,2.955,1.344,18:34:00
2026-09-07 18:37:01,9999,HAJIMIUSDT,0.046100,2.550,1.447,18:37:01
2026-09-07 18:59:00,1346,TMXUSDT,0.051800,3.264,1.123,18:59:00
2026-09-07 19:38:01,1137,BLUAIUSDT,0.009407,2.585,0.940,19:38:01
2026-09-07 23:52:01,9999,HAJIMIUSDT,0.046640,3.653,1.036,23:52:01
2026-09-08 01:56:00,649,FLOCKUSDT,0.056410,3.049,1.559,01:56:00
2026-09-08 03:18:01,803,SOPHUSDT,0.006046,8.407,0.983,03:18:01
2026-09-08 03:19:01,803,SOPHUSDT,0.006338,15.022,1.245,03:19:01
2026-09-08 04:52:01,712,SOPHUSDT,0.006659,3.177,0.901,04:52:01
2026-09-08 06:18:01,712,SOPHUSDT,0.007630,3.600,1.254,06:18:01
2026-09-08 06:51:01,712,SOPHUSDT,0.008692,6.452,1.678,06:51:01
2026-09-08 06:53:01,712,SOPHUSDT,0.008785,2.592,1.772,06:53:01
2026-09-08 07:35:01,712,SOPHUSDT,0.009077,3.164,1.876,07:35:01
2026-09-08 07:36:01,712,SOPHUSDT,0.009681,7.635,2.161,07:36:01
2026-09-08 07:37:01,712,SOPHUSDT,0.009535,3.007,2.329,07:37:01
2026-09-08 07:47:01,629,IOSTUSDT,0.001149,3.824,1.987,07:47:01
2026-09-08 07:49:01,712,SOPHUSDT,0.009733,2.807,2.228,07:49:01
2026-09-08 07:56:01,767,WAVESUSDT,0.250400,4.584,0.932,07:56:01
2026-09-08 08:47:01,9999,BNCUSDT,4.506000,2.904,0.976,08:47:01
2026-09-08 09:25:01,767,WAVESUSDT,0.271900,5.041,1.394,09:25:01
2026-09-08 09:29:01,767,WAVESUSDT,0.276200,4.995,1.900,09:29:01
2026-09-08 10:02:01,767,WAVESUSDT,0.284400,2.534,1.463,10:02:01
2026-09-08 10:03:01,767,WAVESUSDT,0.288800,3.935,1.507,10:03:01
2026-09-08 10:18:00,826,BLASTUSDT,0.000330,4.005,0.903,10:18:00
2026-09-08 10:22:00,826,BLASTUSDT,0.000329,4.028,0.941,10:22:00
2026-09-08 10:23:00,285,FORMUSDT,0.338500,4.212,1.058,10:23:00
2026-09-08 10:40:00,285,FORMUSDT,0.381600,2.524,2.046,10:40:00
2026-09-08 10:41:01,1886,HAEDALUSDT,0.020590,3.651,0.937,10:41:01
2026-09-08 11:01:01,700,CPUSDT,0.019600,15.545,1.016,11:01:01
2026-09-08 11:15:00,285,FORMUSDT,0.390700,2.525,1.917,11:15:00
2026-09-08 11:19:01,1886,HAEDALUSDT,0.022950,2.795,1.810,11:19:01
2026-09-08 11:20:01,1886,HAEDALUSDT,0.022610,4.355,1.890,11:20:01
2026-09-08 11:21:01,1886,HAEDALUSDT,0.023080,3.393,1.893,11:21:01
2026-09-08 11:25:01,1886,HAEDALUSDT,0.023290,2.603,2.017,11:25:01
2026-09-08 11:48:01,700,CPUSDT,0.018950,5.643,0.917,11:48:01
2026-09-08 11:49:01,700,CPUSDT,0.018550,3.749,1.097,11:49:01
2026-09-08 12:02:01,712,SOPHUSDT,0.010753,4.083,1.543,12:02:01
2026-09-08 12:11:01,700,CPUSDT,0.018460,4.113,1.050,12:11:01
2026-09-08 12:24:01,712,SOPHUSDT,0.011352,5.583,1.542,12:24:01
2026-09-08 12:24:01,1124,BTRUSDT,0.053100,4.661,1.218,12:24:01
2026-09-08 12:31:00,285,FORMUSDT,0.365300,3.084,1.009,12:31:00
2026-09-08 12:40:01,767,WAVESUSDT,0.280200,9.781,1.004,12:40:01
2026-09-08 13:27:01,165,USELESSUSDT,0.267000,3.364,1.728,13:27:01
2026-09-08 13:56:01,767,WAVESUSDT,0.284000,4.546,1.036,13:56:01
2026-09-08 14:31:00,932,ICXUSDT,0.015460,3.331,0.923,14:31:00
2026-09-08 16:31:01,157,USELESSUSDT,0.270560,2.635,1.016,16:31:01
2026-09-08 16:39:01,9999,HAJIMIUSDT,0.040210,3.590,0.979,16:39:01
2026-09-08 16:55:01,157,USELESSUSDT,0.272750,3.552,0.945,16:55:01
2026-09-08 17:20:01,157,USELESSUSDT,0.289700,2.939,1.114,17:20:01
2026-09-08 17:48:01,157,USELESSUSDT,0.298110,3.197,1.228,17:48:01
2026-09-08 18:06:01,157,USELESSUSDT,0.310190,3.222,1.318,18:06:01
2026-09-08 18:24:00,932,ICXUSDT,0.015990,5.261,0.947,18:24:00
2026-09-08 18:25:00,932,ICXUSDT,0.016320,8.633,1.094,18:25:00
2026-09-08 19:01:01,515,SOPHUSDT,0.007180,4.251,1.519,19:01:01
2026-09-08 21:27:00,320,AIOZUSDT,0.070360,6.435,1.202,21:27:00
2026-09-08 21:29:00,320,AIOZUSDT,0.071150,2.840,1.302,21:29:00
2026-09-08 21:51:01,515,SOPHUSDT,0.005722,3.543,1.389,21:51:01
2026-09-08 22:15:01,515,SOPHUSDT,0.005573,4.054,1.275,22:15:01
2026-09-09 01:53:00,277,AIOZUSDT,0.079450,3.496,1.023,01:53:00
2026-09-09 03:05:01,767,SOPHUSDT,0.005762,3.838,1.288,03:05:01
2026-09-09 03:22:01,767,SOPHUSDT,0.005605,2.694,1.279,03:22:01
2026-09-09 03:25:01,951,MIRAUSDT,0.057340,2.572,1.311,03:25:01
2026-09-09 04:35:01,214,SKRUSDT,0.023774,6.160,1.386,04:35:01
2026-09-09 05:05:01,344,PEAQUSDT,0.032619,11.819,1.273,05:05:01
2026-09-09 05:13:01,344,PEAQUSDT,0.032867,3.007,1.369,05:13:01
2026-09-09 06:15:00,1000,KATUSDT,0.005562,2.686,1.312,06:15:00
2026-09-09 06:28:01,767,SOPHUSDT,0.005245,5.469,1.036,06:28:01
2026-09-09 06:30:00,1000,KATUSDT,0.006126,2.662,1.589,06:30:00
2026-09-09 07:13:01,214,SKRUSDT,0.023100,2.652,0.906,07:13:01
2026-09-09 07:31:01,499,MAGMAUSDT,0.265200,3.642,0.950,07:31:01
2026-09-09 08:59:01,145,USELESSUSDT,0.321260,4.952,1.206,08:59:01
2026-09-09 09:00:01,145,USELESSUSDT,0.322900,2.781,1.268,09:00:01
2026-09-09 09:56:01,1055,BTRUSDT,0.054670,2.906,0.921,09:56:01
2026-09-09 10:19:01,644,IOSTUSDT,0.001198,2.514,1.898,10:19:01
2026-09-09 11:16:01,520,IOSTUSDT,0.001244,3.078,1.507,11:16:01
2026-09-09 11:48:01,520,IOSTUSDT,0.001230,4.919,1.274,11:48:01
2026-09-09 12:12:00,1140,LRCUSDT,0.009530,3.222,0.906,12:12:00
2026-09-09 12:16:00,1140,LRCUSDT,0.009620,3.459,1.226,12:16:00
2026-09-09 12:35:01,520,IOSTUSDT,0.001228,2.786,1.106,12:35:01
2026-09-09 12:37:00,1140,LRCUSDT,0.009900,4.259,1.257,12:37:00
2026-09-09 12:44:01,520,IOSTUSDT,0.001278,2.897,1.539,12:44:01
2026-09-09 12:57:00,902,BIRBUSDT,0.074350,2.810,1.521,12:57:00
2026-09-09 16:48:00,1140,LRCUSDT,0.010120,2.676,1.082,16:48:00
2026-09-09 16:54:01,520,IOSTUSDT,0.001377,2.895,1.556,16:54:01
2026-09-09 16:55:01,520,IOSTUSDT,0.001345,2.796,1.739,16:55:01
2026-09-09 17:12:01,520,IOSTUSDT,0.001375,2.814,1.561,17:12:01
2026-09-09 17:15:01,520,IOSTUSDT,0.001397,3.859,1.649,17:15:01
2026-09-09 18:12:00,181,CASHCATUSDT,0.172480,10.236,0.995,18:12:00
2026-09-09 18:13:00,181,CASHCATUSDT,0.171180,4.568,1.059,18:13:00
2026-09-09 18:16:01,132,USELESSUSDT,0.285990,6.676,1.006,18:16:01
2026-09-09 18:17:01,520,IOSTUSDT,0.001515,4.059,1.417,18:17:01
2026-09-09 18:18:01,520,IOSTUSDT,0.001530,2.659,1.520,18:18:01
2026-09-09 18:23:00,308,AIOZUSDT,0.075700,7.606,0.922,18:23:00
2026-09-09 18:24:00,308,AIOZUSDT,0.076070,2.802,0.961,18:24:00
2026-09-09 18:34:00,1140,LRCUSDT,0.010710,3.263,1.046,18:34:00
2026-09-09 18:37:00,1140,LRCUSDT,0.011200,9.690,1.235,18:37:00
2026-09-09 18:41:00,1140,LRCUSDT,0.011820,4.777,1.959,18:41:00
2026-09-09 19:17:01,800,PHAUSDT,0.030330,4.625,1.026,19:17:01
2026-09-09 19:31:01,800,PHAUSDT,0.030940,4.010,0.959,19:31:01
2026-09-09 19:32:01,800,PHAUSDT,0.031500,2.934,1.048,19:32:01
2026-09-09 19:37:01,800,PHAUSDT,0.032110,2.550,1.248,19:37:01
2026-09-09 19:56:01,1456,MITOUSDT,0.013460,3.150,0.915,19:56:01
2026-09-09 20:14:01,315,10000NEXUSDT,0.012090,3.659,0.965,20:14:01
2026-09-09 20:41:00,1505,TMXUSDT,0.039100,4.964,0.930,20:41:00
2026-09-09 20:43:00,1505,TMXUSDT,0.039200,2.673,0.924,20:43:00
2026-09-09 21:35:01,393,IOSTUSDT,0.002169,7.116,2.019,21:35:01
2026-09-09 22:05:01,110,PONSUSDT,0.648900,3.289,1.028,22:05:01
2026-09-09 22:32:00,494,4STOCKUSDT,0.032730,6.018,2.564,22:32:00
2026-09-09 22:33:00,494,4STOCKUSDT,0.032600,3.092,2.608,22:33:00
2026-09-09 22:49:00,411,COTIUSDT,0.021719,6.010,0.948,22:49:00
2026-09-09 22:53:01,843,SOPHUSDT,0.004454,35.592,0.929,22:53:01
2026-09-09 22:54:00,494,4STOCKUSDT,0.030310,2.736,3.885,22:54:00
2026-09-09 23:28:00,494,4STOCKUSDT,0.029910,6.951,2.678,23:28:00
2026-09-09 23:30:00,194,CASHCATUSDT,0.162820,6.918,0.926,23:30:00
2026-09-09 23:55:00,882,KATUSDT,0.006202,6.306,0.939,23:55:00
2026-09-10 00:14:01,393,IOSTUSDT,0.002195,5.101,1.485,00:14:01
2026-09-10 00:30:00,494,4STOCKUSDT,0.029280,2.942,2.401,00:30:00
2026-09-10 00:33:00,241,MARSCOINUSDT,0.107350,7.620,0.906,00:33:00
2026-09-10 00:41:00,494,4STOCKUSDT,0.030250,3.064,2.798,00:41:00
2026-09-10 01:06:00,241,MARSCOINUSDT,0.100780,3.367,1.273,01:06:00
2026-09-10 01:09:00,241,MARSCOINUSDT,0.099560,4.159,1.359,01:09:00
2026-09-10 01:09:00,549,XPINUSDT,0.000850,493.295,1.253,01:09:00
2026-09-10 01:09:01,602,VELVETUSDT,0.052300,101.121,3.336,01:09:01
2026-09-10 01:09:01,1034,BANKUSDT,0.026060,37.621,2.687,01:09:01
2026-09-10 01:09:01,827,SIRENUSDT,0.022150,1079.180,2.121,01:09:01
2026-09-10 01:09:01,1165,HEIUSDT,0.107250,299.392,2.389,01:09:01
2026-09-10 01:09:01,823,4USDT,0.017420,136.485,1.045,01:09:01
2026-09-10 01:09:01,2341,ESPORTSUSDT,0.008830,293.515,3.561,01:09:01
2026-09-10 01:10:00,1224,CUSDT,0.056470,4.140,0.984,01:10:00
2026-09-10 01:10:00,1283,TRIAUSDT,0.003400,10.615,2.798,01:10:00
2026-09-10 01:10:00,339,1000TAGUSDT,0.658200,27.506,1.941,01:10:00
2026-09-10 01:10:00,549,XPINUSDT,0.000880,8.781,1.461,01:10:00
2026-09-10 01:10:01,418,COAIUSDT,0.291000,2.714,0.965,01:10:01
2026-09-10 01:10:01,1168,HMSTRUSDT,0.000157,20.705,1.287,01:10:01
2026-09-10 01:10:01,1426,HEMIUSDT,0.006591,13.225,1.670,01:10:01
2026-09-10 01:10:01,623,BILLUSDT,0.012680,44.255,1.928,01:10:01
2026-09-10 01:10:01,1034,BANKUSDT,0.030030,11.877,3.435,01:10:01
2026-09-10 01:10:01,528,BEATUSDT,0.090450,5.663,4.174,01:10:01
2026-09-10 01:10:02,1581,FHEUSDT,0.020530,15.748,0.928,01:10:02
2026-09-10 01:10:02,978,BASEDUSDT,0.059800,14.113,1.288,01:10:02
2026-09-10 01:10:02,479,MAGMAUSDT,0.235200,30.526,1.429,01:10:02
2026-09-10 01:10:02,463,IDUSDT,0.032230,5.663,1.089,01:10:02
2026-09-10 01:10:02,1191,TACUSDT,0.001581,24.353,3.528,01:10:02
2026-09-10 01:10:02,1165,HEIUSDT,0.117130,18.775,3.452,01:10:02
2026-09-10 01:10:02,1109,INXUSDT,0.005397,12.255,1.993,01:10:02
2026-09-10 01:10:02,823,4USDT,0.017873,8.177,1.336,01:10:02
2026-09-10 01:10:02,1523,SAGAUSDT,0.013679,68.629,1.209,01:10:02
2026-09-10 01:10:02,2341,ESPORTSUSDT,0.011430,16.521,4.761,01:10:02
2026-09-10 01:11:00,1777,TOWNSUSDT,0.001840,4.775,1.240,01:11:00
2026-09-10 01:11:00,1505,TMXUSDT,0.035600,3.636,0.965,01:11:00
2026-09-10 01:11:00,1397,LYNUSDT,0.032910,3.220,1.210,01:11:00
2026-09-10 01:11:00,1283,TRIAUSDT,0.003413,3.359,2.859,01:11:00
2026-09-10 01:11:00,379,DEXEUSDT,1.792000,3.347,1.799,01:11:00
2026-09-10 01:11:00,879,ACEUSDT,0.160500,4.511,1.992,01:11:00
2026-09-10 01:11:01,602,VELVETUSDT,0.062600,2.730,4.849,01:11:01
2026-09-10 01:11:01,1426,HEMIUSDT,0.006603,7.067,1.854,01:11:01
2026-09-10 01:11:01,1503,MITOUSDT,0.013190,2.509,1.893,01:11:01
2026-09-10 01:11:01,1034,BANKUSDT,0.029740,4.179,3.390,01:11:01
2026-09-10 01:11:01,528,BEATUSDT,0.094570,3.916,4.484,01:11:01
2026-09-10 01:11:01,1191,TACUSDT,0.001609,3.095,3.556,01:11:01
2026-09-10 01:11:01,827,SIRENUSDT,0.024370,6.318,3.077,01:11:01
2026-09-10 01:11:01,1165,HEIUSDT,0.119630,3.710,3.591,01:11:01
2026-09-10 01:11:01,970,MYXUSDT,0.059420,6.351,2.444,01:11:01
2026-09-10 01:11:01,1523,SAGAUSDT,0.013729,3.308,1.341,01:11:01
2026-09-10 01:11:01,2341,ESPORTSUSDT,0.011530,4.979,4.779,01:11:01
2026-09-10 01:13:00,764,SLPUSDT,0.000633,3.638,1.219,01:13:00
2026-09-10 01:32:01,1158,AIOUSDT,0.042740,3.403,1.382,01:32:01
2026-09-10 01:33:00,392,RAVEUSDT,0.212600,3.216,1.134,01:33:00
2026-09-10 01:33:01,1158,AIOUSDT,0.042920,4.904,1.369,01:33:01
2026-09-10 01:42:00,1283,TRIAUSDT,0.003410,4.356,0.990,01:42:00
2026-09-10 01:42:01,1165,HEIUSDT,0.115090,3.370,1.054,01:42:01
2026-09-10 01:45:00,1283,TRIAUSDT,0.003394,2.787,0.943,01:45:00
2026-09-10 01:47:01,1165,HEIUSDT,0.114840,2.569,1.015,01:47:01
2026-09-10 02:09:01,436,XVGUSDT,0.002709,2.544,1.361,02:09:01
2026-09-10 02:49:00,494,4STOCKUSDT,0.029990,12.160,1.533,02:49:00
2026-09-10 06:01:01,393,IOSTUSDT,0.001267,4.987,1.910,06:01:01
2026-09-10 06:17:00,1253,NEWTUSDT,0.049950,4.793,1.285,06:17:00
2026-09-10 08:54:01,517,ARXUSDT,0.171100,4.320,1.045,08:54:01
2026-09-10 10:21:01,751,ARKUSDT,0.129380,7.799,1.273,10:21:01
2026-09-10 10:32:01,751,ARKUSDT,0.135380,2.721,1.632,10:32:01
2026-09-10 10:38:01,751,ARKUSDT,0.137390,2.714,1.949,10:38:01
2026-09-10 10:39:01,751,ARKUSDT,0.134120,2.796,2.039,10:39:01
2026-09-10 11:57:01,9999,HAJIMIUSDT,0.030970,14.680,0.943,11:57:01
2026-09-10 11:58:01,9999,HAJIMIUSDT,0.030890,2.753,1.011,11:58:01
2026-09-10 12:16:01,207,EGLDUSDT,5.603000,2.665,0.946,12:16:01
2026-09-10 12:19:01,9999,HAJIMIUSDT,0.029860,3.045,1.090,12:19:01
2026-09-10 12:56:00,1167,NEWTUSDT,0.049070,13.026,0.991,12:56:00
2026-09-10 12:57:00,1167,NEWTUSDT,0.049290,8.235,1.120,12:57:00
2026-09-10 12:58:00,1167,NEWTUSDT,0.047790,3.887,1.443,12:58:00
2026-09-10 14:01:01,514,CATIUSDT,0.058500,2.704,0.906,14:01:01
2026-09-10 14:39:01,1474,HEMIUSDT,0.008002,4.466,0.912,14:39:01
2026-09-10 14:41:01,1474,HEMIUSDT,0.007846,3.333,1.044,14:41:01
2026-09-10 15:43:00,614,4STOCKUSDT,0.029180,4.328,1.294,15:43:00
2026-09-10 15:44:00,614,4STOCKUSDT,0.030180,5.743,1.399,15:44:00
2026-09-10 15:49:01,1329,PUFFERUSDT,0.017550,2.775,0.952,15:49:01
2026-09-10 19:07:01,1509,SAGAUSDT,0.017012,2.784,1.291,19:07:01
2026-09-10 22:45:01,9999,HAJIMIUSDT,0.038980,4.272,1.381,22:45:01
2026-09-11 00:30:01,1509,SAGAUSDT,0.019348,9.996,1.337,00:30:01
2026-09-11 00:38:01,1509,SAGAUSDT,0.019205,3.831,1.677,00:38:01
2026-09-11 03:39:00,1184,PUFFERUSDT,0.019670,2.928,1.456,03:39:00
2026-09-11 04:38:01,1068,CLOUSDT,0.091060,4.188,0.939,04:38:01
2026-09-11 06:44:00,1184,PUFFERUSDT,0.019700,2.511,1.130,06:44:00
2026-09-11 06:46:00,1184,PUFFERUSDT,0.019680,4.279,1.205,06:46:00
2026-09-11 07:08:00,1184,PUFFERUSDT,0.020020,2.548,1.061,07:08:00
2026-09-11 07:12:00,1184,PUFFERUSDT,0.019900,2.946,0.980,07:12:00
2026-09-11 07:25:00,1184,PUFFERUSDT,0.020990,3.856,1.531,07:25:00
2026-09-11 07:46:00,1184,PUFFERUSDT,0.023780,3.179,1.684,07:46:00
2026-09-11 08:03:00,123,AKEUSDT,0.013248,5.176,2.348,08:03:00
2026-09-11 08:23:00,123,AKEUSDT,0.011530,4.170,6.031,08:23:00
2026-09-11 09:04:01,681,LSKUSDT,0.135410,4.960,0.914,09:04:01
2026-09-11 09:05:01,681,LSKUSDT,0.134460,3.288,0.973,09:05:01
2026-09-11 09:06:01,681,LSKUSDT,0.134070,2.609,0.996,09:06:01
2026-09-11 10:42:00,1114,STORJUSDT,0.031540,2.658,0.999,10:42:00
2026-09-11 11:25:00,1114,STORJUSDT,0.033960,4.113,1.091,11:25:00
2026-09-11 11:43:01,9999,HAJIMIUSDT,0.041420,2.926,0.941,11:43:01
2026-09-11 11:49:01,681,LSKUSDT,0.137860,2.785,1.113,11:49:01
2026-09-11 12:02:01,9999,HAJIMIUSDT,0.042170,3.136,0.989,12:02:01
2026-09-11 12:36:01,9999,HAJIMIUSDT,0.043920,3.192,1.283,12:36:01
2026-09-11 12:41:00,242,MARSCOINUSDT,0.130960,3.915,0.904,12:41:00
2026-09-11 12:42:00,242,MARSCOINUSDT,0.131920,3.094,0.923,12:42:00
2026-09-11 12:56:00,242,MARSCOINUSDT,0.130650,3.562,0.969,12:56:00
2026-09-11 14:01:01,492,LABUSDT,0.063900,2.708,1.471,14:01:01
2026-09-11 14:05:01,223,METUSDT,0.264900,4.055,1.057,14:05:01
2026-09-11 14:18:00,961,STORJUSDT,0.042110,3.012,1.806,14:18:00
2026-09-11 14:19:00,961,STORJUSDT,0.042310,2.544,1.755,14:19:00
2026-09-11 14:20:01,223,METUSDT,0.277300,3.756,1.453,14:20:01
2026-09-11 14:21:00,961,STORJUSDT,0.042320,3.516,1.929,14:21:00
2026-09-11 14:23:00,961,STORJUSDT,0.042900,2.564,2.128,14:23:00
2026-09-11 15:44:00,961,STORJUSDT,0.047520,2.750,1.649,15:44:00
2026-09-11 16:50:01,856,4USDT,0.021670,2.508,0.938,16:50:01
2026-09-11 18:00:01,492,LABUSDT,0.059100,3.132,0.950,18:00:01
2026-09-11 18:01:01,492,LABUSDT,0.059400,2.839,1.046,18:01:01
2026-09-11 20:02:01,492,LABUSDT,0.066700,2.792,1.062,20:02:01
2026-09-11 20:48:01,492,LABUSDT,0.069600,2.508,1.261,20:48:01
2026-09-11 21:01:01,492,LABUSDT,0.070300,2.606,1.065,21:01:01
2026-09-11 21:04:00,961,STORJUSDT,0.053680,4.929,1.655,21:04:00
2026-09-11 21:18:01,492,LABUSDT,0.076200,3.121,1.314,21:18:01
2026-09-11 21:31:00,961,STORJUSDT,0.054120,2.539,2.023,21:31:00
2026-09-12 00:57:01,435,LABUSDT,0.078100,4.054,0.969,00:57:01
2026-09-12 01:10:01,435,LABUSDT,0.082700,19.750,1.244,01:10:01
2026-09-12 02:28:00,724,STORJUSDT,0.066720,8.005,2.243,02:28:00
2026-09-12 02:29:00,724,STORJUSDT,0.067690,3.367,2.291,02:29:00
2026-09-12 03:49:01,435,LABUSDT,0.080400,4.370,1.125,03:49:01
2026-09-12 04:52:01,663,LSKUSDT,0.160630,4.082,1.163,04:52:01
2026-09-12 04:56:01,435,LABUSDT,0.082600,4.516,0.958,04:56:01
2026-09-12 05:01:01,435,LABUSDT,0.082200,3.357,0.988,05:01:01
2026-09-12 05:16:01,760,PUNDIXUSDT,0.100790,3.634,0.903,05:16:01
2026-09-12 05:19:01,9999,HAJIMIUSDT,0.038690,6.236,0.955,05:19:01
2026-09-12 05:56:01,435,LABUSDT,0.084400,6.750,1.057,05:56:01
2026-09-12 05:59:01,654,BEATUSDT,0.101690,3.908,1.538,05:59:01
2026-09-12 06:45:01,663,LSKUSDT,0.198340,3.318,1.546,06:45:01
2026-09-12 07:17:01,9999,HAJIMIUSDT,0.038900,3.757,1.011,07:17:01
2026-09-12 07:37:01,760,PUNDIXUSDT,0.114200,3.561,1.273,07:37:01
2026-09-12 08:01:01,773,MTLUSDT,0.274700,15.222,0.918,08:01:01
2026-09-12 08:02:01,773,MTLUSDT,0.277600,3.264,0.984,08:02:01
2026-09-12 08:04:01,773,MTLUSDT,0.281100,2.800,1.106,08:04:01
2026-09-12 08:05:01,773,MTLUSDT,0.278300,2.878,1.159,08:05:01
2026-09-12 09:56:01,489,LSKUSDT,0.213100,2.713,1.330,09:56:01
2026-09-12 10:41:00,1138,GRIFFAINUSDT,0.013380,6.158,1.015,10:41:00
2026-09-12 11:20:01,1283,TAUSDT,0.054310,3.930,1.087,11:20:01
2026-09-12 11:22:01,1283,TAUSDT,0.054030,3.779,1.211,11:22:01
2026-09-12 11:27:01,1138,GRIFFAINUSDT,0.014214,3.476,1.233,11:27:01
2026-09-12 11:28:01,1138,GRIFFAINUSDT,0.014467,2.790,1.328,11:28:01
2026-09-12 11:33:00,1138,GRIFFAINUSDT,0.014612,4.446,1.543,11:33:00
2026-09-12 12:28:01,489,LSKUSDT,0.201430,8.083,1.004,12:28:01
2026-09-12 12:29:01,489,LSKUSDT,0.201960,3.764,1.053,12:29:01
2026-09-12 12:47:01,489,LSKUSDT,0.203480,2.699,1.038,12:47:01
2026-09-12 13:18:01,1283,TAUSDT,0.054830,2.549,0.982,13:18:01
2026-09-12 13:32:01,700,FLOCKUSDT,0.066400,5.189,1.280,13:32:01
2026-09-12 13:44:00,700,FLOCKUSDT,0.066010,3.381,1.893,13:44:00
2026-09-12 14:01:00,1647,TMXUSDT,0.041000,2.862,1.704,14:01:00
2026-09-12 14:05:00,730,STORJUSDT,0.069260,4.687,1.204,14:05:00
2026-09-12 14:42:01,1283,TAUSDT,0.059000,2.852,1.184,14:42:01
2026-09-12 14:43:01,1283,TAUSDT,0.059340,2.674,1.205,14:43:01
2026-09-12 15:45:01,700,FLOCKUSDT,0.068770,11.181,0.921,15:45:01
2026-09-12 15:47:01,700,FLOCKUSDT,0.070590,3.680,1.062,15:47:01
2026-09-12 15:48:00,700,FLOCKUSDT,0.070770,4.569,1.088,15:48:00
2026-09-12 15:57:01,489,LSKUSDT,0.223330,3.289,1.097,15:57:01
2026-09-12 15:58:01,489,LSKUSDT,0.223810,2.908,1.099,15:58:01
2026-09-12 16:08:00,700,FLOCKUSDT,0.073140,4.127,1.461,16:08:00
2026-09-12 16:20:00,791,BSBUSDT,0.109360,7.647,2.879,16:20:00
2026-09-12 16:21:01,791,BSBUSDT,0.110410,8.531,3.572,16:21:01
2026-09-12 16:57:00,700,FLOCKUSDT,0.075200,5.887,0.941,16:57:00
2026-09-12 17:43:01,489,LSKUSDT,0.257780,3.843,1.481,17:43:01
2026-09-12 17:44:01,489,LSKUSDT,0.256120,3.936,1.581,17:44:01
2026-09-12 17:45:01,489,LSKUSDT,0.263310,3.664,1.696,17:45:01
2026-09-12 17:52:01,744,MTLUSDT,0.281600,4.758,1.030,17:52:01
2026-09-12 17:58:01,744,MTLUSDT,0.293500,3.214,1.404,17:58:01
2026-09-12 18:17:01,489,LSKUSDT,0.262580,2.987,1.631,18:17:01
2026-09-12 18:20:01,744,MTLUSDT,0.300600,2.907,1.367,18:20:01
2026-09-12 18:21:01,744,MTLUSDT,0.320300,5.711,1.662,18:21:01
2026-09-12 18:23:01,720,PUNDIXUSDT,0.107320,6.052,0.923,18:23:01
2026-09-12 18:24:01,720,PUNDIXUSDT,0.107080,2.992,0.969,18:24:01
2026-09-12 18:29:01,733,WAVESUSDT,0.278800,3.233,0.924,18:29:01
2026-09-12 18:30:00,700,FLOCKUSDT,0.072860,5.020,0.902,18:30:00
2026-09-12 18:33:01,733,WAVESUSDT,0.281200,3.868,0.975,18:33:01
2026-09-12 18:56:00,1069,LRCUSDT,0.010930,2.788,1.873,18:56:00
2026-09-12 19:00:00,1069,LRCUSDT,0.010610,3.655,2.016,19:00:00
2026-09-12 19:01:01,1138,GRIFFAINUSDT,0.015225,3.503,1.106,19:01:01
2026-09-12 19:04:00,1069,LRCUSDT,0.010670,2.574,2.024,19:04:00
2026-09-12 19:17:01,489,LSKUSDT,0.263280,3.171,1.373,19:17:01
2026-09-12 19:56:00,609,FLOCKUSDT,0.080420,6.989,1.174,19:56:00
2026-09-12 19:57:01,628,REZUSDT,0.003767,3.927,0.958,19:57:01
2026-09-12 20:01:01,628,REZUSDT,0.003766,3.629,1.080,20:01:01
2026-09-12 20:01:01,609,FLOCKUSDT,0.080690,2.933,1.226,20:01:01
2026-09-12 20:07:00,694,ILVUSDT,3.491000,3.150,0.974,20:07:00
2026-09-12 20:49:01,799,PHAUSDT,0.028290,2.981,0.950,20:49:01
2026-09-12 20:56:01,413,LSKUSDT,0.257110,4.541,1.133,20:56:01
2026-09-12 21:17:01,945,ARPAUSDT,0.010380,2.975,1.273,21:17:01
2026-09-12 21:25:01,413,LSKUSDT,0.260940,3.457,1.135,21:25:01
2026-09-12 21:34:00,736,RIVERUSDT,1.506000,5.475,0.943,21:34:00
2026-09-12 21:48:01,413,LSKUSDT,0.266240,2.841,1.322,21:48:01
2026-09-12 21:59:01,945,ARPAUSDT,0.010925,2.862,1.087,21:59:01
2026-09-12 23:31:00,694,ILVUSDT,3.934000,3.225,1.403,23:31:00
2026-09-12 23:32:00,694,ILVUSDT,3.825000,8.620,1.616,23:32:00
2026-09-13 00:24:01,628,REZUSDT,0.004109,3.076,0.921,00:24:01
2026-09-13 00:31:01,628,REZUSDT,0.004272,6.302,1.044,00:31:01
2026-09-13 00:32:01,628,REZUSDT,0.004164,2.761,1.212,00:32:01
2026-09-13 00:35:00,1199,PUFFERUSDT,0.021400,3.725,1.176,00:35:00
2026-09-13 02:32:01,628,REZUSDT,0.004256,2.608,1.046,02:32:01
2026-09-13 03:03:01,656,POWRUSDT,0.062020,5.167,0.982,03:03:01
2026-09-13 03:09:01,656,POWRUSDT,0.065840,2.877,2.076,03:09:01
2026-09-13 03:23:00,795,CVCUSDT,0.023590,3.302,1.147,03:23:00
2026-09-13 03:49:01,703,KNCUSDT,0.144040,8.215,0.968,03:49:01
2026-09-13 04:03:01,628,REZUSDT,0.004158,2.651,0.915,04:03:01
2026-09-13 04:06:01,628,REZUSDT,0.004196,3.411,0.958,04:06:01
2026-09-13 04:06:01,703,KNCUSDT,0.145890,2.672,0.963,04:06:01
2026-09-13 04:06:01,552,ALCHUSDT,0.046330,7.317,1.125,04:06:01
2026-09-13 04:10:00,684,4STOCKUSDT,0.031180,3.787,1.252,04:10:00
2026-09-13 04:10:01,552,ALCHUSDT,0.047380,3.324,1.399,04:10:01
2026-09-13 04:26:01,1470,SAGAUSDT,0.019136,4.453,0.944,04:26:01
2026-09-13 04:32:00,719,STEEMUSDT,0.060530,3.144,1.775,04:32:00
2026-09-13 04:35:00,719,STEEMUSDT,0.062910,4.702,2.081,04:35:00
2026-09-13 04:35:00,795,CVCUSDT,0.025300,3.074,1.473,04:35:00
2026-09-13 04:45:01,468,POLYXUSDT,0.040720,2.655,0.999,04:45:01
2026-09-13 04:46:01,756,ARKUSDT,0.141240,3.868,1.299,04:46:01
2026-09-13 04:56:01,756,ARKUSDT,0.141630,3.868,2.025,04:56:01
2026-09-13 06:04:01,660,ARKUSDT,0.161520,2.924,1.842,06:04:01
2026-09-13 06:15:01,483,POWRUSDT,0.084230,3.977,1.932,06:15:01
2026-09-13 06:16:01,483,POWRUSDT,0.086740,2.547,2.090,06:16:01
2026-09-13 06:17:01,483,POWRUSDT,0.088320,3.465,2.148,06:17:01
2026-09-13 06:30:01,590,STEEMUSDT,0.070680,4.716,1.893,06:30:01
2026-09-13 06:31:00,590,STEEMUSDT,0.073900,5.937,2.136,06:31:00
2026-09-13 06:32:00,590,STEEMUSDT,0.076010,5.354,2.272,06:32:00
2026-09-13 06:33:01,590,STEEMUSDT,0.070490,8.480,3.365,06:33:01
2026-09-15 09:54:01,339,BRUSDT,0.414020,6.410,1.024,09:54:01
2026-09-15 10:16:01,339,BRUSDT,0.403350,2.636,1.317,10:16:01
2026-09-15 10:46:01,339,BRUSDT,0.372410,2.957,1.619,10:46:01
2026-09-15 11:09:00,672,4STOCKUSDT,0.012850,3.953,1.021,11:09:00
2026-09-15 11:49:01,921,ACEUSDT,0.171390,4.295,0.934,11:49:01
2026-09-15 13:08:01,483,POWRUSDT,0.063040,5.020,1.275,13:08:01
2026-09-15 13:34:01,215,LSKUSDT,0.374910,2.666,1.400,13:34:01
2026-09-15 15:06:01,339,BRUSDT,0.278070,3.011,0.952,15:06:01
2026-09-15 15:48:01,339,BRUSDT,0.260050,4.695,1.478,15:48:01
2026-09-15 15:50:01,339,BRUSDT,0.262080,3.759,1.641,15:50:01
2026-09-15 16:01:01,1048,GRIFFAINUSDT,0.013240,3.463,1.264,16:01:01
2026-09-15 18:04:00,9999,AKEUSDT,0.026709,3.645,1.055,18:04:00
2026-09-15 21:47:00,441,RAVEUSDT,0.169300,2.734,1.004,21:47:00
2026-09-15 21:47:01,803,NAORISUSDT,0.032030,2.765,1.142,21:47:01
2026-09-15 21:48:00,790,FOGOUSDT,0.005901,3.838,0.922,21:48:00
2026-09-15 21:48:00,1077,4STOCKUSDT,0.011350,3.374,1.468,21:48:00
2026-09-15 22:19:00,548,POWERUSDT,0.193060,2.651,0.914,22:19:00
2026-09-16 00:50:00,1077,4STOCKUSDT,0.010860,2.730,1.037,00:50:00
2026-09-16 01:45:01,1320,SAGAUSDT,0.024756,2.697,1.244,01:45:01
2026-09-16 02:25:01,292,LSKUSDT,0.363910,3.283,1.219,02:25:01
2026-09-16 11:46:01,233,LSKUSDT,0.533490,3.824,1.362,11:46:01
2026-09-16 11:48:01,233,LSKUSDT,0.543510,2.809,1.487,11:48:01
2026-09-16 12:40:01,233,LSKUSDT,0.555660,4.031,1.209,12:40:01
2026-09-16 12:45:01,233,LSKUSDT,0.564030,2.503,1.323,12:45:01
2026-09-16 12:49:01,233,LSKUSDT,0.556350,3.556,1.746,12:49:01
2026-09-16 13:46:01,233,LSKUSDT,0.574530,2.775,1.445,13:46:01
2026-09-16 15:02:01,661,IOSTUSDT,0.000843,4.671,0.981,15:02:01
2026-09-16 15:10:01,1221,HEIUSDT,0.132610,3.660,1.324,15:10:01
2026-09-16 15:25:01,1221,HEIUSDT,0.134160,3.965,1.423,15:25:01
2026-09-16 15:31:01,1221,HEIUSDT,0.132280,3.357,1.434,15:31:01
2026-09-16 15:53:01,661,IOSTUSDT,0.000881,3.162,0.905,15:53:01
2026-09-16 17:05:01,1168,HEIUSDT,0.133530,3.247,0.902,17:05:01
2026-09-16 18:49:01,212,LSKUSDT,0.686920,3.522,1.621,18:49:01
2026-09-16 19:38:01,212,LSKUSDT,0.756000,2.758,1.663,19:38:01
2026-09-16 19:39:01,212,LSKUSDT,0.772410,3.212,1.770,19:39:01
2026-09-16 19:40:01,212,LSKUSDT,0.794350,3.324,1.867,19:40:01
2026-09-16 20:01:01,183,BRUSDT,0.644750,25.727,1.660,20:01:01
2026-09-16 20:11:01,212,LSKUSDT,0.840220,2.973,2.181,20:11:01
2026-09-16 20:16:01,212,LSKUSDT,0.841170,2.560,2.318,20:16:01
2026-09-16 20:41:01,183,BRUSDT,0.647390,7.163,1.431,20:41:01
2026-09-16 20:47:01,183,BRUSDT,0.662990,2.627,1.377,20:47:01
2026-09-16 22:26:01,9999,CONLUSDT,4.410000,13.689,0.921,22:26:01
2026-09-16 22:27:01,9999,CONLUSDT,4.480000,4.627,1.018,22:27:01
2026-09-16 22:28:01,9999,CONLUSDT,4.480000,3.110,1.056,22:28:01
2026-09-16 23:19:00,1212,4STOCKUSDT,0.010900,14.365,0.963,23:19:00
2026-09-17 02:06:01,212,LSKUSDT,0.474470,7.763,3.238,02:06:01
2026-09-17 02:44:01,212,LSKUSDT,0.463650,2.956,2.088,02:44:01
2026-09-17 03:03:01,462,IOUSDT,0.131600,4.651,1.110,03:03:01
2026-09-17 03:41:00,1212,4STOCKUSDT,0.012510,3.374,1.439,03:41:00
2026-09-17 04:34:01,239,LSKUSDT,0.488650,2.674,1.653,04:34:01
2026-09-17 07:52:01,239,LSKUSDT,0.482680,6.601,1.116,07:52:01
2026-09-17 09:51:00,1117,AVAUSDT,0.250200,3.064,1.413,09:51:00
2026-09-17 10:01:01,239,LSKUSDT,0.484360,5.630,0.965,10:01:01
2026-09-17 10:51:01,398,PEAQUSDT,0.027834,2.895,1.026,10:51:01
2026-09-17 11:56:01,176,BRUSDT,0.553530,8.428,1.291,11:56:01
2026-09-17 11:57:01,176,BRUSDT,0.536940,6.824,1.553,11:57:01
2026-09-17 13:02:00,638,0GUSDT,0.218700,2.798,0.972,13:02:00
2026-09-17 13:22:00,1117,AVAUSDT,0.262500,3.986,1.567,13:22:00
2026-09-17 13:43:00,1117,AVAUSDT,0.283400,3.836,1.875,13:43:00
2026-09-17 14:34:01,581,REZUSDT,0.004162,2.642,0.924,14:34:01
2026-09-17 14:35:01,581,REZUSDT,0.004082,3.462,1.063,14:35:01
2026-09-17 15:08:01,275,SOSOUSDT,0.261700,2.964,2.314,15:08:01
2026-09-17 15:46:00,1071,AGIUSDT,0.005381,3.341,1.448,15:46:00
2026-09-17 15:47:00,1071,AGIUSDT,0.005327,3.584,1.501,15:47:00
2026-09-17 15:49:00,1071,AGIUSDT,0.005309,4.727,1.627,15:49:00
2026-09-17 16:18:00,1071,AGIUSDT,0.005594,3.136,1.474,16:18:00
2026-09-17 16:20:00,1071,AGIUSDT,0.005648,3.024,1.680,16:20:00
2026-09-17 17:32:00,1071,AGIUSDT,0.005628,3.157,0.980,17:32:00
2026-09-17 17:50:00,798,AVAUSDT,0.313300,3.094,1.301,17:50:00
2026-09-17 19:12:01,1286,DRIFTUSDT,0.013340,3.631,1.072,19:12:01
2026-09-17 19:24:01,250,LSKUSDT,0.452230,3.410,0.978,19:24:01
2026-09-17 21:18:04,1067,4STOCKUSDT,0.010730,5.450,1.045,21:18:04
2026-09-17 22:02:00,271,GENIUSUSDT,0.401100,3.899,1.540,22:02:00
2026-09-17 22:04:00,271,GENIUSUSDT,0.414200,3.130,1.657,22:04:00
2026-09-17 22:14:00,1067,4STOCKUSDT,0.008270,2.774,3.769,22:14:00
2026-09-17 22:39:00,1067,4STOCKUSDT,0.008000,2.660,2.877,22:39:00
2026-09-17 23:20:00,411,COTIUSDT,0.023947,2.802,1.199,23:20:00
2026-09-18 00:36:00,1312,4STOCKUSDT,0.008040,4.725,1.035,00:36:00
2026-09-18 01:49:00,368,COTIUSDT,0.026237,3.396,0.987,01:49:00
2026-09-18 01:50:00,368,COTIUSDT,0.026275,3.155,1.041,01:50:00
2026-09-18 03:48:01,1206,DRIFTUSDT,0.018150,5.033,2.765,03:48:01
2026-09-18 04:10:00,813,AVAUSDT,0.257900,4.700,1.009,04:10:00
2026-09-18 08:06:00,813,AVAUSDT,0.258300,3.054,0.919,08:06:00
2026-09-18 11:37:00,165,STRKUSDT,0.035240,3.204,1.384,11:37:00
2026-09-18 12:02:00,165,STRKUSDT,0.035570,3.875,1.163,12:02:00
2026-09-18 17:36:01,9999,ACHUSDT,0.005717,5.156,1.029,17:36:01
2026-09-18 18:07:01,183,BRUSDT,0.875560,5.736,1.045,18:07:01
2026-09-18 18:09:01,979,FUSDT,0.003999,12.303,1.330,18:09:01
2026-09-18 18:10:00,473,RAVEUSDT,0.204300,3.230,1.003,18:10:00
2026-09-18 18:22:01,128,PIEVERSEUSDT,1.497700,4.798,1.309,18:22:01
2026-09-18 18:23:00,1269,CUSDT,0.061300,4.793,1.554,18:23:00
2026-09-18 18:35:01,183,BRUSDT,0.908390,4.156,1.007,18:35:01
2026-09-18 18:49:00,1269,CUSDT,0.063200,3.098,1.152,18:49:00
2026-09-18 19:14:01,1153,RECALLUSDT,0.043660,19.694,0.951,19:14:01
2026-09-18 19:19:01,225,AUSDT,0.095630,14.789,1.072,19:19:01
2026-09-18 19:20:01,225,AUSDT,0.094220,13.469,1.179,19:20:01
2026-09-18 19:44:00,9999,AKEUSDT,0.027931,3.326,1.157,19:44:00
2026-09-18 20:11:01,1211,DYMUSDT,0.017460,5.700,1.022,20:11:01
2026-09-18 20:12:01,1211,DYMUSDT,0.017060,5.037,1.178,20:12:01
2026-09-18 20:13:01,1211,DYMUSDT,0.016880,2.627,1.236,20:13:01
2026-09-18 20:15:01,1211,DYMUSDT,0.017310,4.904,1.335,20:15:01
2026-09-18 20:20:01,9999,AKEUSDT,0.030191,4.033,1.661,20:20:01
2026-09-18 21:40:01,183,BRUSDT,0.977630,3.313,0.935,21:40:01
2026-09-18 23:14:01,548,MAGMAUSDT,0.223800,3.577,1.328,23:14:01
2026-09-18 23:15:01,548,MAGMAUSDT,0.220000,3.670,1.453,23:15:01
2026-09-18 23:33:00,153,STRKUSDT,0.043540,5.342,0.982,23:33:00
2026-09-19 01:08:01,945,ARPAUSDT,0.010651,6.118,1.048,01:08:01
2026-09-19 01:22:00,9999,AKEUSDT,0.045979,6.431,1.559,01:22:00
2026-09-19 02:35:00,138,STRKUSDT,0.044690,3.639,0.932,02:35:00
2026-09-19 02:36:00,138,STRKUSDT,0.044430,2.750,1.042,02:36:00
2026-09-19 03:26:00,412,ESPUSDT,0.097600,8.663,1.166,03:26:00
2026-09-19 03:27:00,412,ESPUSDT,0.091160,11.660,1.679,03:27:00
2026-09-19 03:36:01,766,4USDT,0.028088,11.555,1.020,03:36:01
2026-09-19 07:15:03,140,XTZUSDT,0.341500,3.207,1.073,07:15:03
2026-09-19 07:16:02,140,XTZUSDT,0.340100,2.995,1.089,07:16:02
2026-09-19 07:46:00,162,ARUSDT,3.976000,3.458,1.527,07:46:00
2026-09-19 08:03:00,780,BLASTUSDT,0.000407,3.349,1.054,08:03:00
2026-09-19 08:04:00,780,BLASTUSDT,0.000414,3.817,1.214,08:04:00
2026-09-19 08:23:01,9999,AKEUSDT,0.049554,12.609,2.519,08:23:01
2026-09-19 08:45:00,9999,AKEUSDT,0.053760,2.506,2.482,08:45:00
2026-09-19 08:52:00,9999,AKEUSDT,0.057388,5.207,2.604,08:52:00
2026-09-19 08:53:01,559,ALCHUSDT,0.042180,2.708,1.009,08:53:01
2026-09-19 09:16:01,9999,AKEUSDT,0.056533,3.583,2.121,09:16:01
2026-09-19 09:22:00,412,ESPUSDT,0.109320,2.540,2.063,09:22:00
2026-09-19 09:25:00,9999,AKEUSDT,0.058148,5.089,2.063,09:25:00
2026-09-19 09:28:00,992,TREEUSDT,0.046700,2.681,0.985,09:28:00
2026-09-19 10:15:01,1178,HEIUSDT,0.165600,14.769,1.303,10:15:01
2026-09-19 10:16:01,1178,HEIUSDT,0.161860,5.202,1.562,10:16:01
2026-09-19 13:21:00,9999,AKEUSDT,0.065208,2.780,1.459,13:21:00
2026-09-19 13:32:01,213,ZAMAUSDT,0.077760,3.072,0.932,13:32:01
2026-09-19 15:26:00,146,STRKUSDT,0.046360,3.610,0.934,15:26:00
2026-09-19 15:36:01,213,ZAMAUSDT,0.076760,3.042,0.925,15:36:01
2026-09-19 16:04:01,315,CAPUSDT,0.077260,4.135,1.907,16:04:01
2026-09-19 16:06:00,959,B2USDT,0.816000,3.128,2.084,16:06:00
2026-09-19 16:08:01,213,ZAMAUSDT,0.079280,3.067,0.932,16:08:01
2026-09-19 16:53:01,213,ZAMAUSDT,0.080250,2.635,1.040,16:53:01
2026-09-19 17:06:01,213,ZAMAUSDT,0.082950,3.343,1.376,17:06:01
2026-09-19 17:32:01,818,MYXUSDT,0.081000,39.622,1.413,17:32:01
2026-09-19 19:06:01,1128,BANKUSDT,0.033550,4.283,0.905,19:06:01
2026-09-19 19:33:01,213,ZAMAUSDT,0.086590,3.560,1.201,19:33:01
2026-09-19 19:34:01,213,ZAMAUSDT,0.086440,3.480,1.273,19:34:01
2026-09-19 20:19:00,9999,FILUSDT,1.075900,2.598,1.066,20:19:00
2026-09-19 20:35:01,148,BRUSDT,1.181010,3.685,1.095,20:35:01
2026-09-20 00:10:00,959,B2USDT,0.493700,8.726,0.921,00:10:00
2026-09-20 00:22:00,959,B2USDT,0.468200,4.719,1.312,00:22:00
2026-09-20 00:32:01,184,STONKUSDT,0.321400,2.945,1.111,00:32:01
2026-09-20 01:16:00,2037,TMXUSDT,0.020100,10.191,0.965,01:16:00
2026-09-20 01:46:00,1317,4STOCKUSDT,0.011620,2.694,0.914,01:46:00
2026-09-20 01:47:00,1317,4STOCKUSDT,0.011660,3.079,0.916,01:47:00
2026-09-20 01:58:00,1317,4STOCKUSDT,0.011740,3.744,1.058,01:58:00
2026-09-20 01:59:00,1317,4STOCKUSDT,0.011600,3.805,1.083,01:59:00
2026-09-20 02:01:00,1317,4STOCKUSDT,0.012040,5.599,1.310,02:01:00
2026-09-20 02:02:00,1317,4STOCKUSDT,0.012450,5.006,1.492,02:02:00
2026-09-20 03:34:01,1898,EVAAUSDT,0.752100,4.018,0.976,03:34:01
2026-09-20 04:33:01,779,SKLUSDT,0.004722,4.553,1.251,04:33:01
2026-09-20 04:34:01,1898,EVAAUSDT,0.767100,4.707,1.009,04:34:01
2026-09-20 04:35:01,1898,EVAAUSDT,0.760400,3.194,1.061,04:35:01
2026-09-20 05:06:00,956,AGLDUSDT,0.222900,24.193,0.944,05:06:00
2026-09-20 05:08:01,1128,BANKUSDT,0.039520,2.735,0.929,05:08:01
2026-09-20 05:15:01,1128,BANKUSDT,0.039740,4.488,1.259,05:15:01
2026-09-20 05:26:01,1898,EVAAUSDT,0.763100,9.090,1.006,05:26:01
2026-09-20 05:57:00,1212,CUSDT,0.077170,5.979,1.065,05:57:00
2026-09-20 05:58:00,1212,CUSDT,0.076600,2.699,1.085,05:58:00
2026-09-20 06:01:00,1212,CUSDT,0.078110,3.093,1.207,06:01:00
2026-09-20 06:32:01,1212,CUSDT,0.081510,8.073,1.553,06:32:01
2026-09-20 06:40:00,953,AVAUSDT,0.265200,2.597,0.929,06:40:00
2026-09-20 06:41:00,953,AVAUSDT,0.270500,3.231,1.016,06:41:00
2026-09-20 06:42:00,953,AVAUSDT,0.269900,3.252,1.075,06:42:00
2026-09-20 07:56:00,1212,CUSDT,0.083240,4.197,0.959,07:56:00
2026-09-20 07:57:00,1212,CUSDT,0.083670,8.853,0.999,07:57:00
2026-09-20 07:58:00,1212,CUSDT,0.082410,6.066,1.143,07:58:00
2026-09-20 08:11:00,1212,CUSDT,0.084430,3.772,1.242,08:11:00
2026-09-20 09:19:00,1076,CUSDT,0.085110,4.677,1.023,09:19:00
2026-09-20 09:20:00,1076,CUSDT,0.085960,3.663,1.040,09:20:00
2026-09-20 09:21:00,1076,CUSDT,0.087780,12.529,1.140,09:21:00
2026-09-20 09:22:00,1076,CUSDT,0.086910,7.176,1.308,09:22:00
2026-09-20 09:23:00,1076,CUSDT,0.086380,2.780,1.358,09:23:00
2026-09-20 09:24:00,1076,CUSDT,0.085340,2.662,1.422,09:24:00
2026-09-20 09:38:00,1076,CUSDT,0.086550,2.686,1.430,09:38:00
2026-09-20 09:48:00,1076,CUSDT,0.089060,2.766,1.661,09:48:00
2026-09-20 10:36:00,1263,4STOCKUSDT,0.009310,3.388,1.039,10:36:00
2026-09-20 12:20:01,444,TUSDT,0.005209,3.022,0.905,12:20:01
2026-09-20 12:59:01,1752,EVAAUSDT,0.799400,2.752,1.013,12:59:01
2026-09-20 13:26:01,1752,EVAAUSDT,0.814300,3.520,1.066,13:26:01
2026-09-20 13:33:00,809,B2USDT,0.463300,2.601,0.997,13:33:00
2026-09-20 13:40:01,9999,BTWUSDT,0.768110,4.872,3.878,13:40:01
2026-09-20 14:12:01,129,UBUSDT,0.173480,2.922,1.216,14:12:01
2026-09-20 14:49:01,182,ZAMAUSDT,0.091230,5.458,0.930,14:49:01
2026-09-20 14:50:01,182,ZAMAUSDT,0.090620,3.593,0.981,14:50:01
2026-09-20 15:25:01,175,STONKUSDT,0.293500,3.881,0.946,15:25:01
2026-09-20 15:47:01,129,UBUSDT,0.175960,2.757,0.956,15:47:01
2026-09-20 16:05:01,182,ZAMAUSDT,0.094240,2.669,1.355,16:05:01
2026-09-20 16:06:01,182,ZAMAUSDT,0.095080,2.851,1.355,16:06:01
2026-09-20 19:32:01,682,USTCUSDT,0.006118,2.777,1.863,19:32:01
2026-09-20 20:56:00,9999,AKEUSDT,0.062390,7.786,1.356,20:56:00
2026-09-20 20:57:00,9999,AKEUSDT,0.062885,2.504,1.358,20:57:00
2026-09-20 21:19:00,9999,AKEUSDT,0.065382,2.593,1.493,21:19:00
2026-09-20 23:13:01,120,FFUSDT,0.154210,3.555,0.952,23:13:01
2026-09-21 00:57:01,120,FFUSDT,0.181360,8.599,1.218,00:57:01
2026-09-21 02:00:01,775,METISUSDT,3.466000,3.330,1.011,02:00:01
2026-09-21 02:01:01,775,METISUSDT,3.505000,3.219,1.103,02:01:01
2026-09-21 04:01:00,1085,PUFFERUSDT,0.026040,2.846,0.904,04:01:00
2026-09-21 04:58:01,130,BRUSDT,1.219380,5.513,0.902,04:58:01
2026-09-21 05:10:01,130,BRUSDT,1.235980,3.990,0.956,05:10:01
2026-09-21 08:43:10,409,ZETAUSDT,0.058950,39.936,2.491,08:43:10
2026-09-21 08:44:01,409,ZETAUSDT,0.058840,11.274,2.442,08:44:01
2026-09-21 08:45:01,409,ZETAUSDT,0.059060,3.685,2.348,08:45:01
2026-09-21 08:47:01,409,ZETAUSDT,0.059130,3.451,2.223,08:47:01
2026-09-21 09:00:01,409,ZETAUSDT,0.061730,8.709,2.142,09:00:01
2026-09-21 09:03:01,409,ZETAUSDT,0.063020,2.579,2.137,09:03:01
2026-09-21 09:50:00,1145,KERNELUSDT,0.051070,2.842,1.123,09:50:00
2026-09-21 10:43:00,9999,AKEUSDT,0.037145,3.039,2.320,10:43:00
2026-09-21 11:11:01,409,ZETAUSDT,0.064780,2.968,1.138,11:11:01
2026-09-21 11:12:01,409,ZETAUSDT,0.064530,3.374,1.194,11:12:01
2026-09-21 12:14:01,666,PHAUSDT,0.045150,5.644,1.008,12:14:01
2026-09-21 12:18:01,666,PHAUSDT,0.045390,7.792,0.959,12:18:01
2026-09-21 12:19:01,666,PHAUSDT,0.045790,3.009,0.954,12:19:01
2026-09-21 12:43:01,176,ZAMAUSDT,0.104270,2.548,0.918,12:43:01
2026-09-21 13:03:01,666,PHAUSDT,0.056370,3.375,1.980,13:03:01
2026-09-21 13:04:01,666,PHAUSDT,0.056170,2.705,2.015,13:04:01
2026-09-21 13:27:00,1448,LYNUSDT,0.040120,11.848,0.925,13:27:00
2026-09-21 13:29:00,1448,LYNUSDT,0.039520,2.738,0.969,13:29:00
2026-09-21 13:57:01,666,PHAUSDT,0.063320,2.582,1.675,13:57:01
2026-09-21 13:58:01,666,PHAUSDT,0.065570,3.797,1.765,13:58:01
2026-09-21 13:59:01,666,PHAUSDT,0.065850,3.494,1.847,13:59:01
2026-09-21 14:11:01,635,MUBARAKUSDT,0.043527,3.721,1.052,14:11:01
2026-09-21 15:58:00,246,AIOZUSDT,0.118180,9.309,1.225,15:58:00
2026-09-21 15:59:00,246,AIOZUSDT,0.116880,3.232,1.271,15:59:00
2026-09-21 16:00:00,246,AIOZUSDT,0.116950,3.494,1.293,16:00:00
2026-09-21 16:01:00,246,AIOZUSDT,0.118600,3.597,1.296,16:01:00
2026-09-21 16:12:01,498,PROVEUSDT,0.274500,3.158,1.689,16:12:01
2026-09-21 16:25:00,246,AIOZUSDT,0.121580,3.757,1.528,16:25:00
2026-09-21 16:27:00,246,AIOZUSDT,0.122890,3.847,1.537,16:27:00
2026-09-21 16:28:00,246,AIOZUSDT,0.121930,3.010,1.594,16:28:00
2026-09-21 16:35:01,498,PROVEUSDT,0.281500,2.918,1.558,16:35:01
2026-09-21 17:18:02,526,MUBARAKUSDT,0.045425,2.760,0.948,17:18:02
2026-09-21 17:25:01,9999,BTWUSDT,0.897360,2.890,1.084,17:25:01
2026-09-21 17:26:01,9999,BTWUSDT,0.897800,5.296,1.108,17:26:01
2026-09-21 17:38:01,9999,AKEUSDT,0.055165,2.533,1.268,17:38:01
2026-09-21 18:32:04,182,WIFUSDT,0.249100,2.603,0.906,18:32:04
2026-09-21 19:03:01,656,COREUSDT,0.023000,14.534,0.904,19:03:01
2026-09-21 19:20:01,526,MUBARAKUSDT,0.047247,10.212,1.027,19:20:01
2026-09-21 19:36:00,1390,LYNUSDT,0.041980,4.146,0.930,19:36:00
2026-09-21 19:37:00,1390,LYNUSDT,0.041910,3.044,0.918,19:37:00
2026-09-21 19:40:00,1295,4STOCKUSDT,0.011240,2.725,1.856,19:40:00
2026-09-21 20:14:01,1751,EVAAUSDT,0.811100,3.407,0.994,20:14:01
2026-09-21 20:15:01,1751,EVAAUSDT,0.801700,2.589,1.039,20:15:01
2026-09-21 20:41:00,1295,4STOCKUSDT,0.011990,2.677,1.499,20:41:00
2026-09-21 20:45:01,1751,EVAAUSDT,0.809900,4.200,0.922,20:45:01
2026-09-21 20:46:39,1751,EVAAUSDT,0.808000,3.360,0.981,20:46:39
2026-09-21 21:04:01,1051,PUFFERUSDT,0.030120,5.112,1.876,21:04:01
2026-09-21 22:10:00,246,AIOZUSDT,0.117210,6.839,0.958,22:10:00
2026-09-21 22:11:00,246,AIOZUSDT,0.118880,6.469,1.050,22:11:00
2026-09-21 22:12:00,246,AIOZUSDT,0.116900,3.651,1.165,22:12:00
2026-09-21 22:13:00,246,AIOZUSDT,0.117530,4.384,1.209,22:13:00
2026-09-21 22:17:00,246,AIOZUSDT,0.121360,3.732,1.444,22:17:00
2026-09-21 23:02:00,246,AIOZUSDT,0.125090,2.568,1.246,23:02:00
2026-09-22 02:50:01,1338,COOKIEUSDT,0.012211,2.904,1.084,02:50:01
2026-09-22 04:24:01,1058,WETUSDT,0.071890,4.447,1.039,04:24:01
2026-09-22 04:26:01,1058,WETUSDT,0.072050,2.667,1.193,04:26:01
2026-09-22 04:27:01,1338,COOKIEUSDT,0.012971,9.431,0.982,04:27:01
2026-09-22 04:28:01,1338,COOKIEUSDT,0.013553,16.412,1.344,04:28:01
2026-09-22 04:29:01,1338,COOKIEUSDT,0.012856,11.797,2.000,04:29:01
2026-09-22 05:06:01,9999,BTWUSDT,0.717660,4.441,1.086,05:06:01
2026-09-22 05:07:01,9999,BTWUSDT,0.725910,6.018,1.117,05:07:01
2026-09-22 05:13:00,762,CARVUSDT,0.045290,2.640,1.370,05:13:00
2026-09-22 05:58:01,1181,INUSDT,0.037720,2.524,1.021,05:58:01
2026-09-22 06:03:00,208,CASHCATUSDT,0.158130,3.942,0.935,06:03:00
2026-09-22 06:17:01,1181,INUSDT,0.038050,3.460,1.054,06:17:01
2026-09-22 09:45:01,1338,COOKIEUSDT,0.013500,3.288,1.279,09:45:01
2026-09-22 10:05:00,762,CARVUSDT,0.046730,2.782,0.977,10:05:00
2026-09-22 12:16:01,453,MUBARAKUSDT,0.058087,2.572,1.098,12:16:01
2026-09-22 12:47:01,862,BROCCOLIUSDT,0.024084,3.487,1.046,12:47:01
2026-09-22 12:48:01,862,BROCCOLIUSDT,0.024529,4.570,1.170,12:48:01
2026-09-22 12:49:01,862,BROCCOLIUSDT,0.024161,3.485,1.368,12:49:01
2026-09-22 12:52:01,862,BROCCOLIUSDT,0.023813,2.799,1.680,12:52:01
2026-09-22 13:15:00,272,MARSCOINUSDT,0.122460,3.104,0.917,13:15:00
2026-09-22 13:56:01,453,MUBARAKUSDT,0.064871,15.982,1.196,13:56:01
2026-09-22 14:36:00,625,FLOCKUSDT,0.084940,8.254,0.949,14:36:00
2026-09-22 14:40:00,625,FLOCKUSDT,0.086600,5.891,1.093,14:40:00
2026-09-22 14:43:01,625,FLOCKUSDT,0.084230,5.304,1.487,14:43:01
2026-09-22 14:51:01,453,MUBARAKUSDT,0.064930,2.853,0.916,14:51:01
2026-09-22 15:19:01,606,NILUSDT,0.081780,6.544,0.925,15:19:01
2026-09-22 15:23:01,9999,HAJIMIUSDT,0.041340,3.308,1.262,15:23:01
2026-09-22 16:52:01,453,MUBARAKUSDT,0.072200,2.723,1.112,16:52:01
2026-09-22 17:00:00,457,SECZUSDT,12.703000,4.115,1.023,17:00:00
2026-09-22 17:01:00,457,SECZUSDT,12.600000,11.367,1.033,17:01:00
2026-09-22 18:08:01,862,BROCCOLIUSDT,0.027502,3.425,1.668,18:08:01
2026-09-22 18:42:00,976,CHRUSDT,0.020082,4.765,1.091,18:42:00
2026-09-22 18:47:00,976,CHRUSDT,0.020174,3.183,1.131,18:47:00
2026-09-22 18:50:00,976,CHRUSDT,0.019835,2.650,1.151,18:50:00
2026-09-22 19:01:01,453,MUBARAKUSDT,0.070411,6.861,0.960,19:01:01
2026-09-22 19:31:01,453,MUBARAKUSDT,0.076049,4.944,1.324,19:31:01
2026-09-22 19:37:01,453,MUBARAKUSDT,0.079411,5.774,1.564,19:37:01
2026-09-22 20:07:00,123,ZROUSDT,1.403300,4.198,0.988,20:07:00
2026-09-22 20:16:01,889,4USDT,0.024628,3.486,1.009,20:16:01
2026-09-22 20:26:00,870,ZESTUSDT,0.169900,4.795,0.947,20:26:00
2026-09-22 20:34:00,559,SXTUSDT,0.009711,2.604,1.299,20:34:00
2026-09-22 21:01:01,889,4USDT,0.026104,8.629,1.018,21:01:01
2026-09-22 21:24:01,779,4USDT,0.026592,5.220,0.910,21:24:01
2026-09-22 21:35:01,1028,DRIFTUSDT,0.025760,2.673,2.149,21:35:01
2026-09-22 22:21:00,574,FOLKSUSDT,2.476400,5.736,1.271,22:21:00
2026-09-22 22:22:00,574,FOLKSUSDT,2.506100,12.165,1.321,22:22:00
2026-09-22 22:23:00,574,FOLKSUSDT,2.534000,2.727,1.339,22:23:00
2026-09-23 02:54:01,1474,FIGHTUSDT,0.004089,3.294,1.099,02:54:01
2026-09-23 04:22:01,123,BSVUSDT,24.060000,2.502,0.932,04:22:01
2026-09-23 04:38:01,123,BSVUSDT,24.360000,2.603,1.046,04:38:01
2026-09-23 05:02:00,722,B3USDT,0.000865,2.609,2.056,05:02:00
2026-09-23 05:09:00,574,FOLKSUSDT,2.957700,2.799,1.675,05:09:00
2026-09-23 05:36:00,722,B3USDT,0.000910,3.865,1.876,05:36:00
2026-09-23 05:55:01,558,NILUSDT,0.096330,5.622,0.911,05:55:01
2026-09-23 05:56:01,558,NILUSDT,0.097380,3.043,0.951,05:56:01
2026-09-23 05:57:01,558,NILUSDT,0.097900,3.552,0.965,05:57:01
2026-09-23 06:37:00,310,HNTUSDT,0.546400,3.443,1.354,06:37:00
2026-09-23 06:49:01,722,B3USDT,0.000934,4.546,1.341,06:49:01
